INSERT INTO rola (id_roli, rola) VALUES (1, 'ADMIN');
INSERT INTO rola (id_roli, rola) VALUES (2, 'USER');


INSERT INTO uzytkownik (id_uzytkownika, email, haslo, imie, nazwisko, active, ankieta) VALUES (1, 'admin@admin', '$2a$10$gVZJLzr5SefpmR6yoh/HSOQF1xOxXcEB8LR8UmnCoR9wkjyAQHkOK', 'admin', 'admin', 1, false);
INSERT INTO uzytkownik (id_uzytkownika, email, haslo, imie, nazwisko, active, ankieta) VALUES (1, 'student@student', '$2a$10$av6iyHEqdZca.5woo7wagu04K0e3cdYCgZTAFbD2jdF2Dg6GNmJ5y', 'student', 'student', 1, false);


INSERT INTO uzytkownik_rola(id_uzytkownika, id_roli) VALUES (1, 1);
INSERT INTO uzytkownik_rola (id_uzytkownika, id_roli) VALUES (1, 2);
INSERT INTO uzytkownik_rola (id_uzytkownika, id_roli) VALUES (2, 2);


INSERT INTO wydzial (id_wydzialu, nazwa, adres, logo, strona) VALUES (1, 'Wydzial Zarzadzania', 'Powstancow Warszawy','https://i.imgur.com/9CvNI8s.png','https://wz.prz.edu.pl');
INSERT INTO wydzial (id_wydzialu, nazwa, adres, logo, strona) VALUES (2, 'Wydzial Elektrotechniki i Informatyki', 'Wincentego Pola','https://i.imgur.com/edzJJAO.png','https://weii.prz.edu.pl');
INSERT INTO wydzial (id_wydzialu, nazwa, adres, logo, strona) VALUES (3, 'Wydzial Budowy Maszyn i Lotnictwa', 'Powstancow Warszawy','https://i.imgur.com/4QVJ8gk.png','https://wbmil.prz.edu.pl');
INSERT INTO wydzial (id_wydzialu, nazwa, adres, logo, strona) VALUES (4, 'Wydzial Budownictwa, Inzynierii Srodowiska i Architektury', 'Poznańska','https://i.imgur.com/rEQe7Ay.png','https://wbisia.prz.edu.pl');
INSERT INTO wydzial (id_wydzialu, nazwa, adres, logo, strona) VALUES (5, 'Wydzial Chemiczny', 'Powstancow Warszawy','https://i.imgur.com/gzvunOq.png','https://wch.prz.edu.pl');
INSERT INTO wydzial (id_wydzialu, nazwa, adres, logo, strona) VALUES (6, 'Wydzial Matematyki i Fizyka stosowanej', 'Powstancow Warszawy','https://i.imgur.com/qfsYmYM.png','https://wmifs.prz.edu.pl');
INSERT INTO wydzial (id_wydzialu, nazwa, adres, logo, strona) VALUES (7, 'Wydzial Mechaniczno Technologiczny', 'Kwiatkowskiego','https://i.imgur.com/wqpEjtI.png','https://wmt.prz.edu.pl');


INSERT INTO kierunek (id_kierunku, id_wydzialu, nazwa, opis) VALUES (1, 1, 'Bezpieczeństwo wewnętrzne', 'brak opisu');
INSERT INTO kierunek (id_kierunku, id_wydzialu, nazwa, opis) VALUES (2, 1, 'Finanse i rachunkowość', 'brak opisu');
INSERT INTO kierunek (id_kierunku, id_wydzialu, nazwa, opis) VALUES (3, 1, 'Logistyka', 'brak opisu');
INSERT INTO kierunek (id_kierunku, id_wydzialu, nazwa, opis) VALUES (4, 1, 'Zarządzanie', 'brak opisu');
INSERT INTO kierunek (id_kierunku, id_wydzialu, nazwa, opis) VALUES (5, 2, 'Automatyka i robotyka', 'brak opisu');
INSERT INTO kierunek (id_kierunku, id_wydzialu, nazwa, opis) VALUES (6, 2, 'Elektronika i telekomunikacja', 'brak opisu');
INSERT INTO kierunek (id_kierunku, id_wydzialu, nazwa, opis) VALUES (7, 2, 'Elektrotechnika', 'brak opisu');
INSERT INTO kierunek (id_kierunku, id_wydzialu, nazwa, opis) VALUES (8, 2, 'Energetyka', 'brak opisu');
INSERT INTO kierunek (id_kierunku, id_wydzialu, nazwa, opis) VALUES (9, 2, 'Informatyka', 'brak opisu');
INSERT INTO kierunek (id_kierunku, id_wydzialu, nazwa, opis) VALUES (10, 3, 'Mechanika i budowa maszyn', 'brak opisu');
INSERT INTO kierunek (id_kierunku, id_wydzialu, nazwa, opis) VALUES (11, 3, 'Zarządzanie i inżynieria produkcji', 'brak opisu');
INSERT INTO kierunek (id_kierunku, id_wydzialu, nazwa, opis) VALUES (12, 3, 'Lotnictwo i kosmonautyka', 'brak opisu');
INSERT INTO kierunek (id_kierunku, id_wydzialu, nazwa, opis) VALUES (13, 3, 'Transport', 'brak opisu');
INSERT INTO kierunek (id_kierunku, id_wydzialu, nazwa, opis) VALUES (14, 3, 'Mechatronika', 'brak opisu');
INSERT INTO kierunek (id_kierunku, id_wydzialu, nazwa, opis) VALUES (15, 3, 'Inżynieria materiałowa', 'brak opisu');
INSERT INTO kierunek (id_kierunku, id_wydzialu, nazwa, opis) VALUES (16, 4, 'Architektura', 'brak opisu');
INSERT INTO kierunek (id_kierunku, id_wydzialu, nazwa, opis) VALUES (17, 4, 'Budownictwo', 'brak opisu');
INSERT INTO kierunek (id_kierunku, id_wydzialu, nazwa, opis) VALUES (18, 4, 'Ochrona środowiska', 'brak opisu');
INSERT INTO kierunek (id_kierunku, id_wydzialu, nazwa, opis) VALUES (19, 4, 'Inżynieria środowiska', 'brak opisu');
INSERT INTO kierunek (id_kierunku, id_wydzialu, nazwa, opis) VALUES (20, 4, 'Biogospodarka', 'brak opisu');
INSERT INTO kierunek (id_kierunku, id_wydzialu, nazwa, opis) VALUES (21, 5, 'Technologia chemiczna', 'brak opisu');
INSERT INTO kierunek (id_kierunku, id_wydzialu, nazwa, opis) VALUES (22, 5, 'Inżynieria chemiczna i procesowa', 'brak opisu');
INSERT INTO kierunek (id_kierunku, id_wydzialu, nazwa, opis) VALUES (23, 5, 'Biotechnologia', 'brak opisu');
INSERT INTO kierunek (id_kierunku, id_wydzialu, nazwa, opis) VALUES (24, 6, 'Inżynieria medyczna', 'brak opisu');
INSERT INTO kierunek (id_kierunku, id_wydzialu, nazwa, opis) VALUES (25, 6, 'Zastosowane matematyki w ekonomii', 'brak opisu');
INSERT INTO kierunek (id_kierunku, id_wydzialu, nazwa, opis) VALUES (26, 7, 'Mechanika i budowa maszyn', 'brak opisu');
INSERT INTO kierunek (id_kierunku, id_wydzialu, nazwa, opis) VALUES (27, 7, 'Zarządzanie i inżynieria produkcji', 'brak opisu');


INSERT INTO pytanie (id_pytania , tresc) VALUES (1, 'Jak oceniasz swoje umiejetności dogadywania się z ludzmi?');
INSERT INTO pytanie (id_pytania , tresc) VALUES (2, 'Twoim zdaniem umiejetności miękkie są ważniejsze?');
INSERT INTO pytanie (id_pytania , tresc) VALUES (3, 'Czy czujesz się dobrze kiedy występujesz publicznie?');
INSERT INTO pytanie (id_pytania , tresc) VALUES (4, 'Twoim zdaniem posiadasz umiejetności motywowania innych do działania?');
INSERT INTO pytanie (id_pytania , tresc) VALUES (5, 'Uważasz że sport zajmuje duża część twojego życia?');
INSERT INTO pytanie (id_pytania , tresc) VALUES (6, 'Uważasz że posiadasz inteligencje kognitywna?');
INSERT INTO pytanie (id_pytania , tresc) VALUES (7, 'Masz wyobrażenie przestrzenne?');
INSERT INTO pytanie (id_pytania , tresc) VALUES (8, 'Jesteś osoba dokładną?');
INSERT INTO pytanie (id_pytania , tresc) VALUES (9, 'Robisz drobne, złożone rzeczy? ');
INSERT INTO pytanie (id_pytania , tresc) VALUES (10, 'Lubisz latać samolotem?');
INSERT INTO pytanie (id_pytania , tresc) VALUES (11, 'Posiadasz zdolności manualne?');
INSERT INTO pytanie (id_pytania , tresc) VALUES (12, 'Interesuję Cię modernizacja, budowa?');
INSERT INTO pytanie (id_pytania , tresc) VALUES (13, 'Montujesz i naprawiasz różne maszyny , przyrządy i mechanizmy?');
INSERT INTO pytanie (id_pytania , tresc) VALUES (14, 'Czy często wpadasz na ciekawe pomysły?');
INSERT INTO pytanie (id_pytania , tresc) VALUES (15, 'Czy lubisz projektować?');
INSERT INTO pytanie (id_pytania , tresc) VALUES (16, 'Czy dbasz o środowisko?');
INSERT INTO pytanie (id_pytania , tresc) VALUES (17, 'Jesteś dokładny w tym co robisz?');
INSERT INTO pytanie (id_pytania , tresc) VALUES (18, 'Czy masz wyczucie stylu i estetyki?');
INSERT INTO pytanie (id_pytania , tresc) VALUES (19, 'Jesteś osobą dokładna, precyzyjna? ');
INSERT INTO pytanie (id_pytania , tresc) VALUES (20, 'Posiadasz podzielność uwagi?');
INSERT INTO pytanie (id_pytania , tresc) VALUES (21, 'Potrafisz uczyć się systematycznie?');
INSERT INTO pytanie (id_pytania , tresc) VALUES (22, 'Jesteś ambitny?');
INSERT INTO pytanie (id_pytania , tresc) VALUES (23, 'Masz dobrą pamieć?');
INSERT INTO pytanie (id_pytania , tresc) VALUES (24, 'Posiadasz zdolnosci manualne?');
INSERT INTO pytanie (id_pytania , tresc) VALUES (25, 'Jesteś osobą porywczą?');
INSERT INTO pytanie (id_pytania , tresc) VALUES (26, 'W jakim stopniu jesteś osobą cierpliwa?');
INSERT INTO pytanie (id_pytania , tresc) VALUES (27, 'Jak bardzo lubisz pracować z komputerem?');
INSERT INTO pytanie (id_pytania , tresc) VALUES (28, 'Oceń czy potrafisz skoncentrować się na jednostajnych czynnościach.');
INSERT INTO pytanie (id_pytania , tresc) VALUES (29, 'W jakim stopniu potrafisz słuchac innych?');
INSERT INTO pytanie (id_pytania , tresc) VALUES (30, 'Jak bardzo jesteś osobą skryta w sobie? ');
INSERT INTO pytanie (id_pytania , tresc) VALUES (31, 'W jakim stopniu masz opanowaną sztukę prowadzenia prezentacji?');
INSERT INTO pytanie (id_pytania , tresc) VALUES (32, 'Oceń jak radzisz sobie z praca z zespołem.');
INSERT INTO pytanie (id_pytania , tresc) VALUES (33, 'Oceń jak bardzo jesteś ruchliwą osobą.');
INSERT INTO pytanie (id_pytania , tresc) VALUES (34, 'Czy posiadasz ścisły umysł?');
INSERT INTO pytanie (id_pytania , tresc) VALUES (35, 'Myslisz w sposób analityczny?');
INSERT INTO pytanie (id_pytania , tresc) VALUES (36, 'Lubisz uczyć się systematycznie?');
INSERT INTO pytanie (id_pytania , tresc) VALUES (37, 'Lubisz rozwiązywać zadania obliczeniowe?');
INSERT INTO pytanie (id_pytania , tresc) VALUES (38, 'Jesteś dobrym słuchaczem i łatwo przyswajasz wiedzę?');
INSERT INTO pytanie (id_pytania , tresc) VALUES (39, 'Działasz szybko i sprawnie?');
INSERT INTO pytanie (id_pytania , tresc) VALUES (40, 'Czy uważasz że odnawianie starych samochodów to dobre hobby?');
INSERT INTO pytanie (id_pytania , tresc) VALUES (41, 'Twoim zdaniem posiadasz dobrze rozwinięte zdolności manualne?');


INSERT INTO odpowiedz_uzytkownika (id_odpowiedzi_uzytkownika, wartosc, id_pytania, id_uzytkownika) VALUES (1, 0, 1, 1);
INSERT INTO odpowiedz_uzytkownika (id_odpowiedzi_uzytkownika, wartosc, id_pytania, id_uzytkownika) VALUES (2, 0, 2, 1);
INSERT INTO odpowiedz_uzytkownika (id_odpowiedzi_uzytkownika, wartosc, id_pytania, id_uzytkownika) VALUES (3, 0, 3, 1);
INSERT INTO odpowiedz_uzytkownika (id_odpowiedzi_uzytkownika, wartosc, id_pytania, id_uzytkownika) VALUES (4, 0, 4, 1);
INSERT INTO odpowiedz_uzytkownika (id_odpowiedzi_uzytkownika, wartosc, id_pytania, id_uzytkownika) VALUES (5, 0, 5, 1);
INSERT INTO odpowiedz_uzytkownika (id_odpowiedzi_uzytkownika, wartosc, id_pytania, id_uzytkownika) VALUES (6, 0, 6, 1);
INSERT INTO odpowiedz_uzytkownika (id_odpowiedzi_uzytkownika, wartosc, id_pytania, id_uzytkownika) VALUES (7, 0, 7, 1);
INSERT INTO odpowiedz_uzytkownika (id_odpowiedzi_uzytkownika, wartosc, id_pytania, id_uzytkownika) VALUES (8, 0, 8, 1);
INSERT INTO odpowiedz_uzytkownika (id_odpowiedzi_uzytkownika, wartosc, id_pytania, id_uzytkownika) VALUES (9, 0, 9, 1);
INSERT INTO odpowiedz_uzytkownika (id_odpowiedzi_uzytkownika, wartosc, id_pytania, id_uzytkownika) VALUES (10, 0, 10, 1);
INSERT INTO odpowiedz_uzytkownika (id_odpowiedzi_uzytkownika, wartosc, id_pytania, id_uzytkownika) VALUES (11, 0, 11, 1);
INSERT INTO odpowiedz_uzytkownika (id_odpowiedzi_uzytkownika, wartosc, id_pytania, id_uzytkownika) VALUES (12, 0, 12, 1);
INSERT INTO odpowiedz_uzytkownika (id_odpowiedzi_uzytkownika, wartosc, id_pytania, id_uzytkownika) VALUES (13, 0, 13, 1);
INSERT INTO odpowiedz_uzytkownika (id_odpowiedzi_uzytkownika, wartosc, id_pytania, id_uzytkownika) VALUES (14, 0, 14, 1);
INSERT INTO odpowiedz_uzytkownika (id_odpowiedzi_uzytkownika, wartosc, id_pytania, id_uzytkownika) VALUES (15, 0, 15, 1);
INSERT INTO odpowiedz_uzytkownika (id_odpowiedzi_uzytkownika, wartosc, id_pytania, id_uzytkownika) VALUES (16, 0, 16, 1);
INSERT INTO odpowiedz_uzytkownika (id_odpowiedzi_uzytkownika, wartosc, id_pytania, id_uzytkownika) VALUES (17, 0, 17, 1);
INSERT INTO odpowiedz_uzytkownika (id_odpowiedzi_uzytkownika, wartosc, id_pytania, id_uzytkownika) VALUES (18, 0, 18, 1);
INSERT INTO odpowiedz_uzytkownika (id_odpowiedzi_uzytkownika, wartosc, id_pytania, id_uzytkownika) VALUES (19, 0, 19, 1);
INSERT INTO odpowiedz_uzytkownika (id_odpowiedzi_uzytkownika, wartosc, id_pytania, id_uzytkownika) VALUES (20, 0, 20, 1);
INSERT INTO odpowiedz_uzytkownika (id_odpowiedzi_uzytkownika, wartosc, id_pytania, id_uzytkownika) VALUES (21, 0, 21, 1);
INSERT INTO odpowiedz_uzytkownika (id_odpowiedzi_uzytkownika, wartosc, id_pytania, id_uzytkownika) VALUES (22, 0, 22, 1);
INSERT INTO odpowiedz_uzytkownika (id_odpowiedzi_uzytkownika, wartosc, id_pytania, id_uzytkownika) VALUES (23, 0, 23, 1);
INSERT INTO odpowiedz_uzytkownika (id_odpowiedzi_uzytkownika, wartosc, id_pytania, id_uzytkownika) VALUES (24, 0, 24, 1);
INSERT INTO odpowiedz_uzytkownika (id_odpowiedzi_uzytkownika, wartosc, id_pytania, id_uzytkownika) VALUES (25, 0, 25, 1);
INSERT INTO odpowiedz_uzytkownika (id_odpowiedzi_uzytkownika, wartosc, id_pytania, id_uzytkownika) VALUES (26, 0, 26, 1);
INSERT INTO odpowiedz_uzytkownika (id_odpowiedzi_uzytkownika, wartosc, id_pytania, id_uzytkownika) VALUES (27, 0, 27, 1);
INSERT INTO odpowiedz_uzytkownika (id_odpowiedzi_uzytkownika, wartosc, id_pytania, id_uzytkownika) VALUES (28, 0, 28, 1);
INSERT INTO odpowiedz_uzytkownika (id_odpowiedzi_uzytkownika, wartosc, id_pytania, id_uzytkownika) VALUES (29, 0, 29, 1);
INSERT INTO odpowiedz_uzytkownika (id_odpowiedzi_uzytkownika, wartosc, id_pytania, id_uzytkownika) VALUES (30, 0, 30, 1);
INSERT INTO odpowiedz_uzytkownika (id_odpowiedzi_uzytkownika, wartosc, id_pytania, id_uzytkownika) VALUES (31, 0, 31, 1);
INSERT INTO odpowiedz_uzytkownika (id_odpowiedzi_uzytkownika, wartosc, id_pytania, id_uzytkownika) VALUES (32, 0, 32, 1);
INSERT INTO odpowiedz_uzytkownika (id_odpowiedzi_uzytkownika, wartosc, id_pytania, id_uzytkownika) VALUES (33, 0, 33, 1);
INSERT INTO odpowiedz_uzytkownika (id_odpowiedzi_uzytkownika, wartosc, id_pytania, id_uzytkownika) VALUES (34, 0, 34, 1);
INSERT INTO odpowiedz_uzytkownika (id_odpowiedzi_uzytkownika, wartosc, id_pytania, id_uzytkownika) VALUES (35, 0, 35, 1);
INSERT INTO odpowiedz_uzytkownika (id_odpowiedzi_uzytkownika, wartosc, id_pytania, id_uzytkownika) VALUES (36, 0, 36, 1);
INSERT INTO odpowiedz_uzytkownika (id_odpowiedzi_uzytkownika, wartosc, id_pytania, id_uzytkownika) VALUES (37, 0, 37, 1);
INSERT INTO odpowiedz_uzytkownika (id_odpowiedzi_uzytkownika, wartosc, id_pytania, id_uzytkownika) VALUES (38, 0, 38, 1);
INSERT INTO odpowiedz_uzytkownika (id_odpowiedzi_uzytkownika, wartosc, id_pytania, id_uzytkownika) VALUES (39, 0, 39, 1);
INSERT INTO odpowiedz_uzytkownika (id_odpowiedzi_uzytkownika, wartosc, id_pytania, id_uzytkownika) VALUES (40, 0, 40, 1);
INSERT INTO odpowiedz_uzytkownika (id_odpowiedzi_uzytkownika, wartosc, id_pytania, id_uzytkownika) VALUES (41, 0, 41, 1);


INSERT INTO wartosc_oczekiwana (id_wartosci_oczekiwanej, wartosc, id_pytania, id_kierunku) VALUES (1,8,1,1);
INSERT INTO wartosc_oczekiwana (id_wartosci_oczekiwanej, wartosc, id_pytania, id_kierunku) VALUES (2,5,2,1);
INSERT INTO wartosc_oczekiwana (id_wartosci_oczekiwanej, wartosc, id_pytania, id_kierunku) VALUES (3,5,3,1);
INSERT INTO wartosc_oczekiwana (id_wartosci_oczekiwanej, wartosc, id_pytania, id_kierunku) VALUES (4,2,4,1);
INSERT INTO wartosc_oczekiwana (id_wartosci_oczekiwanej, wartosc, id_pytania, id_kierunku) VALUES (5,6,5,1);
INSERT INTO wartosc_oczekiwana (id_wartosci_oczekiwanej, wartosc, id_pytania, id_kierunku) VALUES (6,10,6,1);
INSERT INTO wartosc_oczekiwana (id_wartosci_oczekiwanej, wartosc, id_pytania, id_kierunku) VALUES (7,2,7,1);
INSERT INTO wartosc_oczekiwana (id_wartosci_oczekiwanej, wartosc, id_pytania, id_kierunku) VALUES (8,9,8,1);
INSERT INTO wartosc_oczekiwana (id_wartosci_oczekiwanej, wartosc, id_pytania, id_kierunku) VALUES (9,1,9,1);
INSERT INTO wartosc_oczekiwana (id_wartosci_oczekiwanej, wartosc, id_pytania, id_kierunku) VALUES (10,1,10,1);
INSERT INTO wartosc_oczekiwana (id_wartosci_oczekiwanej, wartosc, id_pytania, id_kierunku) VALUES (11,2,11,1);
INSERT INTO wartosc_oczekiwana (id_wartosci_oczekiwanej, wartosc, id_pytania, id_kierunku) VALUES (12,1,12,1);
INSERT INTO wartosc_oczekiwana (id_wartosci_oczekiwanej, wartosc, id_pytania, id_kierunku) VALUES (13,1,13,1);
INSERT INTO wartosc_oczekiwana (id_wartosci_oczekiwanej, wartosc, id_pytania, id_kierunku) VALUES (14,4,14,1);
INSERT INTO wartosc_oczekiwana (id_wartosci_oczekiwanej, wartosc, id_pytania, id_kierunku) VALUES (15,3,15,1);
INSERT INTO wartosc_oczekiwana (id_wartosci_oczekiwanej, wartosc, id_pytania, id_kierunku) VALUES (16,5,16,1);
INSERT INTO wartosc_oczekiwana (id_wartosci_oczekiwanej, wartosc, id_pytania, id_kierunku) VALUES (17,9,17,1);
INSERT INTO wartosc_oczekiwana (id_wartosci_oczekiwanej, wartosc, id_pytania, id_kierunku) VALUES (18,1,18,1);
INSERT INTO wartosc_oczekiwana (id_wartosci_oczekiwanej, wartosc, id_pytania, id_kierunku) VALUES (19,10,19,1);
INSERT INTO wartosc_oczekiwana (id_wartosci_oczekiwanej, wartosc, id_pytania, id_kierunku) VALUES (20,7,20,1);
INSERT INTO wartosc_oczekiwana (id_wartosci_oczekiwanej, wartosc, id_pytania, id_kierunku) VALUES (21,7,21,1);
INSERT INTO wartosc_oczekiwana (id_wartosci_oczekiwanej, wartosc, id_pytania, id_kierunku) VALUES (22,7,22,1);
INSERT INTO wartosc_oczekiwana (id_wartosci_oczekiwanej, wartosc, id_pytania, id_kierunku) VALUES (23,8,23,1);
INSERT INTO wartosc_oczekiwana (id_wartosci_oczekiwanej, wartosc, id_pytania, id_kierunku) VALUES (24,3,24,1);
INSERT INTO wartosc_oczekiwana (id_wartosci_oczekiwanej, wartosc, id_pytania, id_kierunku) VALUES (25,2,25,1);
INSERT INTO wartosc_oczekiwana (id_wartosci_oczekiwanej, wartosc, id_pytania, id_kierunku) VALUES (26,6,26,1);
INSERT INTO wartosc_oczekiwana (id_wartosci_oczekiwanej, wartosc, id_pytania, id_kierunku) VALUES (27,4,27,1);
INSERT INTO wartosc_oczekiwana (id_wartosci_oczekiwanej, wartosc, id_pytania, id_kierunku) VALUES (28,6,28,1);
INSERT INTO wartosc_oczekiwana (id_wartosci_oczekiwanej, wartosc, id_pytania, id_kierunku) VALUES (29,5,29,1);
INSERT INTO wartosc_oczekiwana (id_wartosci_oczekiwanej, wartosc, id_pytania, id_kierunku) VALUES (30,5,30,1);
INSERT INTO wartosc_oczekiwana (id_wartosci_oczekiwanej, wartosc, id_pytania, id_kierunku) VALUES (31,5,31,1);
INSERT INTO wartosc_oczekiwana (id_wartosci_oczekiwanej, wartosc, id_pytania, id_kierunku) VALUES (32,7,32,1);
INSERT INTO wartosc_oczekiwana (id_wartosci_oczekiwanej, wartosc, id_pytania, id_kierunku) VALUES (33,7,33,1);
INSERT INTO wartosc_oczekiwana (id_wartosci_oczekiwanej, wartosc, id_pytania, id_kierunku) VALUES (34,8,34,1);
INSERT INTO wartosc_oczekiwana (id_wartosci_oczekiwanej, wartosc, id_pytania, id_kierunku) VALUES (35,8,35,1);
INSERT INTO wartosc_oczekiwana (id_wartosci_oczekiwanej, wartosc, id_pytania, id_kierunku) VALUES (36,7,36,1);
INSERT INTO wartosc_oczekiwana (id_wartosci_oczekiwanej, wartosc, id_pytania, id_kierunku) VALUES (37,6,37,1);
INSERT INTO wartosc_oczekiwana (id_wartosci_oczekiwanej, wartosc, id_pytania, id_kierunku) VALUES (38,6,38,1);
INSERT INTO wartosc_oczekiwana (id_wartosci_oczekiwanej, wartosc, id_pytania, id_kierunku) VALUES (39,10,39,1);
INSERT INTO wartosc_oczekiwana (id_wartosci_oczekiwanej, wartosc, id_pytania, id_kierunku) VALUES (40,2,40,1);
INSERT INTO wartosc_oczekiwana (id_wartosci_oczekiwanej, wartosc, id_pytania, id_kierunku) VALUES (41,3,41,1);
INSERT INTO wartosc_oczekiwana (id_wartosci_oczekiwanej, wartosc, id_pytania, id_kierunku) VALUES (42,8,1,2);
INSERT INTO wartosc_oczekiwana (id_wartosci_oczekiwanej, wartosc, id_pytania, id_kierunku) VALUES (43,5,2,2);
INSERT INTO wartosc_oczekiwana (id_wartosci_oczekiwanej, wartosc, id_pytania, id_kierunku) VALUES (44,2,3,2);
INSERT INTO wartosc_oczekiwana (id_wartosci_oczekiwanej, wartosc, id_pytania, id_kierunku) VALUES (45,2,4,2);
INSERT INTO wartosc_oczekiwana (id_wartosci_oczekiwanej, wartosc, id_pytania, id_kierunku) VALUES (46,2,5,2);
INSERT INTO wartosc_oczekiwana (id_wartosci_oczekiwanej, wartosc, id_pytania, id_kierunku) VALUES (47,4,6,2);
INSERT INTO wartosc_oczekiwana (id_wartosci_oczekiwanej, wartosc, id_pytania, id_kierunku) VALUES (48,2,7,2);
INSERT INTO wartosc_oczekiwana (id_wartosci_oczekiwanej, wartosc, id_pytania, id_kierunku) VALUES (49,10,8,2);
INSERT INTO wartosc_oczekiwana (id_wartosci_oczekiwanej, wartosc, id_pytania, id_kierunku) VALUES (50,3,9,2);
INSERT INTO wartosc_oczekiwana (id_wartosci_oczekiwanej, wartosc, id_pytania, id_kierunku) VALUES (51,1,10,2);
INSERT INTO wartosc_oczekiwana (id_wartosci_oczekiwanej, wartosc, id_pytania, id_kierunku) VALUES (52,1,11,2);
INSERT INTO wartosc_oczekiwana (id_wartosci_oczekiwanej, wartosc, id_pytania, id_kierunku) VALUES (53,1,12,2);
INSERT INTO wartosc_oczekiwana (id_wartosci_oczekiwanej, wartosc, id_pytania, id_kierunku) VALUES (54,1,13,2);
INSERT INTO wartosc_oczekiwana (id_wartosci_oczekiwanej, wartosc, id_pytania, id_kierunku) VALUES (55,2,14,2);
INSERT INTO wartosc_oczekiwana (id_wartosci_oczekiwanej, wartosc, id_pytania, id_kierunku) VALUES (56,3,15,2);
INSERT INTO wartosc_oczekiwana (id_wartosci_oczekiwanej, wartosc, id_pytania, id_kierunku) VALUES (57,2,16,2);
INSERT INTO wartosc_oczekiwana (id_wartosci_oczekiwanej, wartosc, id_pytania, id_kierunku) VALUES (58,10,17,2);
INSERT INTO wartosc_oczekiwana (id_wartosci_oczekiwanej, wartosc, id_pytania, id_kierunku) VALUES (59,2,18,2);
INSERT INTO wartosc_oczekiwana (id_wartosci_oczekiwanej, wartosc, id_pytania, id_kierunku) VALUES (60,9,19,2);
INSERT INTO wartosc_oczekiwana (id_wartosci_oczekiwanej, wartosc, id_pytania, id_kierunku) VALUES (61,4,20,2);
INSERT INTO wartosc_oczekiwana (id_wartosci_oczekiwanej, wartosc, id_pytania, id_kierunku) VALUES (62,9,21,2);
INSERT INTO wartosc_oczekiwana (id_wartosci_oczekiwanej, wartosc, id_pytania, id_kierunku) VALUES (63,8,22,2);
INSERT INTO wartosc_oczekiwana (id_wartosci_oczekiwanej, wartosc, id_pytania, id_kierunku) VALUES (64,9,23,2);
INSERT INTO wartosc_oczekiwana (id_wartosci_oczekiwanej, wartosc, id_pytania, id_kierunku) VALUES (65,2,24,2);
INSERT INTO wartosc_oczekiwana (id_wartosci_oczekiwanej, wartosc, id_pytania, id_kierunku) VALUES (66,3,25,2);
INSERT INTO wartosc_oczekiwana (id_wartosci_oczekiwanej, wartosc, id_pytania, id_kierunku) VALUES (67,7,26,2);
INSERT INTO wartosc_oczekiwana (id_wartosci_oczekiwanej, wartosc, id_pytania, id_kierunku) VALUES (68,8,27,2);
INSERT INTO wartosc_oczekiwana (id_wartosci_oczekiwanej, wartosc, id_pytania, id_kierunku) VALUES (69,8,28,2);
INSERT INTO wartosc_oczekiwana (id_wartosci_oczekiwanej, wartosc, id_pytania, id_kierunku) VALUES (70,7,29,2);
INSERT INTO wartosc_oczekiwana (id_wartosci_oczekiwanej, wartosc, id_pytania, id_kierunku) VALUES (71,5,30,2);
INSERT INTO wartosc_oczekiwana (id_wartosci_oczekiwanej, wartosc, id_pytania, id_kierunku) VALUES (72,5,31,2);
INSERT INTO wartosc_oczekiwana (id_wartosci_oczekiwanej, wartosc, id_pytania, id_kierunku) VALUES (73,5,32,2);
INSERT INTO wartosc_oczekiwana (id_wartosci_oczekiwanej, wartosc, id_pytania, id_kierunku) VALUES (74,3,33,2);
INSERT INTO wartosc_oczekiwana (id_wartosci_oczekiwanej, wartosc, id_pytania, id_kierunku) VALUES (75,8,34,2);
INSERT INTO wartosc_oczekiwana (id_wartosci_oczekiwanej, wartosc, id_pytania, id_kierunku) VALUES (76,9,35,2);
INSERT INTO wartosc_oczekiwana (id_wartosci_oczekiwanej, wartosc, id_pytania, id_kierunku) VALUES (77,8,36,2);
INSERT INTO wartosc_oczekiwana (id_wartosci_oczekiwanej, wartosc, id_pytania, id_kierunku) VALUES (78,10,37,2);
INSERT INTO wartosc_oczekiwana (id_wartosci_oczekiwanej, wartosc, id_pytania, id_kierunku) VALUES (79,6,38,2);
INSERT INTO wartosc_oczekiwana (id_wartosci_oczekiwanej, wartosc, id_pytania, id_kierunku) VALUES (80,5,39,2);
INSERT INTO wartosc_oczekiwana (id_wartosci_oczekiwanej, wartosc, id_pytania, id_kierunku) VALUES (81,2,40,2);
INSERT INTO wartosc_oczekiwana (id_wartosci_oczekiwanej, wartosc, id_pytania, id_kierunku) VALUES (82,1,41,2);
INSERT INTO wartosc_oczekiwana (id_wartosci_oczekiwanej, wartosc, id_pytania, id_kierunku) VALUES (83,7,1,3);
INSERT INTO wartosc_oczekiwana (id_wartosci_oczekiwanej, wartosc, id_pytania, id_kierunku) VALUES (84,2,2,3);
INSERT INTO wartosc_oczekiwana (id_wartosci_oczekiwanej, wartosc, id_pytania, id_kierunku) VALUES (85,3,3,3);
INSERT INTO wartosc_oczekiwana (id_wartosci_oczekiwanej, wartosc, id_pytania, id_kierunku) VALUES (86,2,4,3);
INSERT INTO wartosc_oczekiwana (id_wartosci_oczekiwanej, wartosc, id_pytania, id_kierunku) VALUES (87,1,5,3);
INSERT INTO wartosc_oczekiwana (id_wartosci_oczekiwanej, wartosc, id_pytania, id_kierunku) VALUES (88,7,6,3);
INSERT INTO wartosc_oczekiwana (id_wartosci_oczekiwanej, wartosc, id_pytania, id_kierunku) VALUES (89,9,7,3);
INSERT INTO wartosc_oczekiwana (id_wartosci_oczekiwanej, wartosc, id_pytania, id_kierunku) VALUES (90,6,8,3);
INSERT INTO wartosc_oczekiwana (id_wartosci_oczekiwanej, wartosc, id_pytania, id_kierunku) VALUES (91,2,9,3);
INSERT INTO wartosc_oczekiwana (id_wartosci_oczekiwanej, wartosc, id_pytania, id_kierunku) VALUES (92,6,10,3);
INSERT INTO wartosc_oczekiwana (id_wartosci_oczekiwanej, wartosc, id_pytania, id_kierunku) VALUES (93,1,11,3);
INSERT INTO wartosc_oczekiwana (id_wartosci_oczekiwanej, wartosc, id_pytania, id_kierunku) VALUES (94,3,12,3);
INSERT INTO wartosc_oczekiwana (id_wartosci_oczekiwanej, wartosc, id_pytania, id_kierunku) VALUES (95,1,13,3);
INSERT INTO wartosc_oczekiwana (id_wartosci_oczekiwanej, wartosc, id_pytania, id_kierunku) VALUES (96,3,14,3);
INSERT INTO wartosc_oczekiwana (id_wartosci_oczekiwanej, wartosc, id_pytania, id_kierunku) VALUES (97,7,15,3);
INSERT INTO wartosc_oczekiwana (id_wartosci_oczekiwanej, wartosc, id_pytania, id_kierunku) VALUES (98,3,16,3);
INSERT INTO wartosc_oczekiwana (id_wartosci_oczekiwanej, wartosc, id_pytania, id_kierunku) VALUES (99,8,17,3);
INSERT INTO wartosc_oczekiwana (id_wartosci_oczekiwanej, wartosc, id_pytania, id_kierunku) VALUES (100,1,18,3);
INSERT INTO wartosc_oczekiwana (id_wartosci_oczekiwanej, wartosc, id_pytania, id_kierunku) VALUES (101,6,19,3);
INSERT INTO wartosc_oczekiwana (id_wartosci_oczekiwanej, wartosc, id_pytania, id_kierunku) VALUES (102,1,20,3);
INSERT INTO wartosc_oczekiwana (id_wartosci_oczekiwanej, wartosc, id_pytania, id_kierunku) VALUES (103,5,21,3);
INSERT INTO wartosc_oczekiwana (id_wartosci_oczekiwanej, wartosc, id_pytania, id_kierunku) VALUES (104,2,22,3);
INSERT INTO wartosc_oczekiwana (id_wartosci_oczekiwanej, wartosc, id_pytania, id_kierunku) VALUES (105,5,23,3);
INSERT INTO wartosc_oczekiwana (id_wartosci_oczekiwanej, wartosc, id_pytania, id_kierunku) VALUES (106,1,24,3);
INSERT INTO wartosc_oczekiwana (id_wartosci_oczekiwanej, wartosc, id_pytania, id_kierunku) VALUES (107,2,25,3);
INSERT INTO wartosc_oczekiwana (id_wartosci_oczekiwanej, wartosc, id_pytania, id_kierunku) VALUES (108,6,26,3);
INSERT INTO wartosc_oczekiwana (id_wartosci_oczekiwanej, wartosc, id_pytania, id_kierunku) VALUES (109,5,27,3);
INSERT INTO wartosc_oczekiwana (id_wartosci_oczekiwanej, wartosc, id_pytania, id_kierunku) VALUES (110,7,28,3);
INSERT INTO wartosc_oczekiwana (id_wartosci_oczekiwanej, wartosc, id_pytania, id_kierunku) VALUES (111,5,29,3);
INSERT INTO wartosc_oczekiwana (id_wartosci_oczekiwanej, wartosc, id_pytania, id_kierunku) VALUES (112,5,30,3);
INSERT INTO wartosc_oczekiwana (id_wartosci_oczekiwanej, wartosc, id_pytania, id_kierunku) VALUES (113,2,31,3);
INSERT INTO wartosc_oczekiwana (id_wartosci_oczekiwanej, wartosc, id_pytania, id_kierunku) VALUES (114,6,32,3);
INSERT INTO wartosc_oczekiwana (id_wartosci_oczekiwanej, wartosc, id_pytania, id_kierunku) VALUES (115,1,33,3);
INSERT INTO wartosc_oczekiwana (id_wartosci_oczekiwanej, wartosc, id_pytania, id_kierunku) VALUES (116,7,34,3);
INSERT INTO wartosc_oczekiwana (id_wartosci_oczekiwanej, wartosc, id_pytania, id_kierunku) VALUES (117,8,35,3);
INSERT INTO wartosc_oczekiwana (id_wartosci_oczekiwanej, wartosc, id_pytania, id_kierunku) VALUES (118,5,36,3);
INSERT INTO wartosc_oczekiwana (id_wartosci_oczekiwanej, wartosc, id_pytania, id_kierunku) VALUES (119,7,37,3);
INSERT INTO wartosc_oczekiwana (id_wartosci_oczekiwanej, wartosc, id_pytania, id_kierunku) VALUES (120,5,38,3);
INSERT INTO wartosc_oczekiwana (id_wartosci_oczekiwanej, wartosc, id_pytania, id_kierunku) VALUES (121,7,39,3);
INSERT INTO wartosc_oczekiwana (id_wartosci_oczekiwanej, wartosc, id_pytania, id_kierunku) VALUES (122,2,40,3);
INSERT INTO wartosc_oczekiwana (id_wartosci_oczekiwanej, wartosc, id_pytania, id_kierunku) VALUES (123,1,41,3);
INSERT INTO wartosc_oczekiwana (id_wartosci_oczekiwanej, wartosc, id_pytania, id_kierunku) VALUES (124,10,1,4);
INSERT INTO wartosc_oczekiwana (id_wartosci_oczekiwanej, wartosc, id_pytania, id_kierunku) VALUES (125,8,2,4);
INSERT INTO wartosc_oczekiwana (id_wartosci_oczekiwanej, wartosc, id_pytania, id_kierunku) VALUES (126,8,3,4);
INSERT INTO wartosc_oczekiwana (id_wartosci_oczekiwanej, wartosc, id_pytania, id_kierunku) VALUES (127,10,4,4);
INSERT INTO wartosc_oczekiwana (id_wartosci_oczekiwanej, wartosc, id_pytania, id_kierunku) VALUES (128,1,5,4);
INSERT INTO wartosc_oczekiwana (id_wartosci_oczekiwanej, wartosc, id_pytania, id_kierunku) VALUES (129,8,6,4);
INSERT INTO wartosc_oczekiwana (id_wartosci_oczekiwanej, wartosc, id_pytania, id_kierunku) VALUES (130,2,7,4);
INSERT INTO wartosc_oczekiwana (id_wartosci_oczekiwanej, wartosc, id_pytania, id_kierunku) VALUES (131,6,8,4);
INSERT INTO wartosc_oczekiwana (id_wartosci_oczekiwanej, wartosc, id_pytania, id_kierunku) VALUES (132,5,9,4);
INSERT INTO wartosc_oczekiwana (id_wartosci_oczekiwanej, wartosc, id_pytania, id_kierunku) VALUES (133,2,10,4);
INSERT INTO wartosc_oczekiwana (id_wartosci_oczekiwanej, wartosc, id_pytania, id_kierunku) VALUES (134,1,11,4);
INSERT INTO wartosc_oczekiwana (id_wartosci_oczekiwanej, wartosc, id_pytania, id_kierunku) VALUES (135,4,12,4);
INSERT INTO wartosc_oczekiwana (id_wartosci_oczekiwanej, wartosc, id_pytania, id_kierunku) VALUES (136,1,13,4);
INSERT INTO wartosc_oczekiwana (id_wartosci_oczekiwanej, wartosc, id_pytania, id_kierunku) VALUES (137,9,14,4);
INSERT INTO wartosc_oczekiwana (id_wartosci_oczekiwanej, wartosc, id_pytania, id_kierunku) VALUES (138,8,15,4);
INSERT INTO wartosc_oczekiwana (id_wartosci_oczekiwanej, wartosc, id_pytania, id_kierunku) VALUES (139,3,16,4);
INSERT INTO wartosc_oczekiwana (id_wartosci_oczekiwanej, wartosc, id_pytania, id_kierunku) VALUES (140,5,17,4);
INSERT INTO wartosc_oczekiwana (id_wartosci_oczekiwanej, wartosc, id_pytania, id_kierunku) VALUES (141,1,18,4);
INSERT INTO wartosc_oczekiwana (id_wartosci_oczekiwanej, wartosc, id_pytania, id_kierunku) VALUES (142,6,19,4);
INSERT INTO wartosc_oczekiwana (id_wartosci_oczekiwanej, wartosc, id_pytania, id_kierunku) VALUES (143,5,20,4);
INSERT INTO wartosc_oczekiwana (id_wartosci_oczekiwanej, wartosc, id_pytania, id_kierunku) VALUES (144,5,21,4);
INSERT INTO wartosc_oczekiwana (id_wartosci_oczekiwanej, wartosc, id_pytania, id_kierunku) VALUES (145,2,22,4);
INSERT INTO wartosc_oczekiwana (id_wartosci_oczekiwanej, wartosc, id_pytania, id_kierunku) VALUES (146,5,23,4);
INSERT INTO wartosc_oczekiwana (id_wartosci_oczekiwanej, wartosc, id_pytania, id_kierunku) VALUES (147,1,24,4);
INSERT INTO wartosc_oczekiwana (id_wartosci_oczekiwanej, wartosc, id_pytania, id_kierunku) VALUES (148,2,25,4);
INSERT INTO wartosc_oczekiwana (id_wartosci_oczekiwanej, wartosc, id_pytania, id_kierunku) VALUES (149,3,26,4);
INSERT INTO wartosc_oczekiwana (id_wartosci_oczekiwanej, wartosc, id_pytania, id_kierunku) VALUES (150,5,27,4);
INSERT INTO wartosc_oczekiwana (id_wartosci_oczekiwanej, wartosc, id_pytania, id_kierunku) VALUES (151,2,28,4);
INSERT INTO wartosc_oczekiwana (id_wartosci_oczekiwanej, wartosc, id_pytania, id_kierunku) VALUES (152,8,29,4);
INSERT INTO wartosc_oczekiwana (id_wartosci_oczekiwanej, wartosc, id_pytania, id_kierunku) VALUES (153,2,30,4);
INSERT INTO wartosc_oczekiwana (id_wartosci_oczekiwanej, wartosc, id_pytania, id_kierunku) VALUES (154,9,31,4);
INSERT INTO wartosc_oczekiwana (id_wartosci_oczekiwanej, wartosc, id_pytania, id_kierunku) VALUES (155,9,32,4);
INSERT INTO wartosc_oczekiwana (id_wartosci_oczekiwanej, wartosc, id_pytania, id_kierunku) VALUES (156,5,33,4);
INSERT INTO wartosc_oczekiwana (id_wartosci_oczekiwanej, wartosc, id_pytania, id_kierunku) VALUES (157,2,34,4);
INSERT INTO wartosc_oczekiwana (id_wartosci_oczekiwanej, wartosc, id_pytania, id_kierunku) VALUES (158,9,35,4);
INSERT INTO wartosc_oczekiwana (id_wartosci_oczekiwanej, wartosc, id_pytania, id_kierunku) VALUES (159,5,36,4);
INSERT INTO wartosc_oczekiwana (id_wartosci_oczekiwanej, wartosc, id_pytania, id_kierunku) VALUES (160,2,37,4);
INSERT INTO wartosc_oczekiwana (id_wartosci_oczekiwanej, wartosc, id_pytania, id_kierunku) VALUES (161,5,38,4);
INSERT INTO wartosc_oczekiwana (id_wartosci_oczekiwanej, wartosc, id_pytania, id_kierunku) VALUES (162,7,39,4);
INSERT INTO wartosc_oczekiwana (id_wartosci_oczekiwanej, wartosc, id_pytania, id_kierunku) VALUES (163,2,40,4);
INSERT INTO wartosc_oczekiwana (id_wartosci_oczekiwanej, wartosc, id_pytania, id_kierunku) VALUES (164,1,41,4);
INSERT INTO wartosc_oczekiwana (id_wartosci_oczekiwanej, wartosc, id_pytania, id_kierunku) VALUES (165,6,1,5);
INSERT INTO wartosc_oczekiwana (id_wartosci_oczekiwanej, wartosc, id_pytania, id_kierunku) VALUES (166,4,2,5);
INSERT INTO wartosc_oczekiwana (id_wartosci_oczekiwanej, wartosc, id_pytania, id_kierunku) VALUES (167,2,3,5);
INSERT INTO wartosc_oczekiwana (id_wartosci_oczekiwanej, wartosc, id_pytania, id_kierunku) VALUES (168,3,4,5);
INSERT INTO wartosc_oczekiwana (id_wartosci_oczekiwanej, wartosc, id_pytania, id_kierunku) VALUES (169,2,5,5);
INSERT INTO wartosc_oczekiwana (id_wartosci_oczekiwanej, wartosc, id_pytania, id_kierunku) VALUES (170,6,6,5);
INSERT INTO wartosc_oczekiwana (id_wartosci_oczekiwanej, wartosc, id_pytania, id_kierunku) VALUES (171,8,7,5);
INSERT INTO wartosc_oczekiwana (id_wartosci_oczekiwanej, wartosc, id_pytania, id_kierunku) VALUES (172,9,8,5);
INSERT INTO wartosc_oczekiwana (id_wartosci_oczekiwanej, wartosc, id_pytania, id_kierunku) VALUES (173,7,9,5);
INSERT INTO wartosc_oczekiwana (id_wartosci_oczekiwanej, wartosc, id_pytania, id_kierunku) VALUES (174,1,10,5);
INSERT INTO wartosc_oczekiwana (id_wartosci_oczekiwanej, wartosc, id_pytania, id_kierunku) VALUES (175,6,11,5);
INSERT INTO wartosc_oczekiwana (id_wartosci_oczekiwanej, wartosc, id_pytania, id_kierunku) VALUES (176,9,12,5);
INSERT INTO wartosc_oczekiwana (id_wartosci_oczekiwanej, wartosc, id_pytania, id_kierunku) VALUES (177,10,13,5);
INSERT INTO wartosc_oczekiwana (id_wartosci_oczekiwanej, wartosc, id_pytania, id_kierunku) VALUES (178,8,14,5);
INSERT INTO wartosc_oczekiwana (id_wartosci_oczekiwanej, wartosc, id_pytania, id_kierunku) VALUES (179,7,15,5);
INSERT INTO wartosc_oczekiwana (id_wartosci_oczekiwanej, wartosc, id_pytania, id_kierunku) VALUES (180,1,16,5);
INSERT INTO wartosc_oczekiwana (id_wartosci_oczekiwanej, wartosc, id_pytania, id_kierunku) VALUES (181,9,17,5);
INSERT INTO wartosc_oczekiwana (id_wartosci_oczekiwanej, wartosc, id_pytania, id_kierunku) VALUES (182,4,18,5);
INSERT INTO wartosc_oczekiwana (id_wartosci_oczekiwanej, wartosc, id_pytania, id_kierunku) VALUES (183,9,19,5);
INSERT INTO wartosc_oczekiwana (id_wartosci_oczekiwanej, wartosc, id_pytania, id_kierunku) VALUES (184,5,20,5);
INSERT INTO wartosc_oczekiwana (id_wartosci_oczekiwanej, wartosc, id_pytania, id_kierunku) VALUES (185,8,21,5);
INSERT INTO wartosc_oczekiwana (id_wartosci_oczekiwanej, wartosc, id_pytania, id_kierunku) VALUES (186,7,22,5);
INSERT INTO wartosc_oczekiwana (id_wartosci_oczekiwanej, wartosc, id_pytania, id_kierunku) VALUES (187,6,23,5);
INSERT INTO wartosc_oczekiwana (id_wartosci_oczekiwanej, wartosc, id_pytania, id_kierunku) VALUES (188,6,24,5);
INSERT INTO wartosc_oczekiwana (id_wartosci_oczekiwanej, wartosc, id_pytania, id_kierunku) VALUES (189,2,25,5);
INSERT INTO wartosc_oczekiwana (id_wartosci_oczekiwanej, wartosc, id_pytania, id_kierunku) VALUES (190,8,26,5);
INSERT INTO wartosc_oczekiwana (id_wartosci_oczekiwanej, wartosc, id_pytania, id_kierunku) VALUES (191,9,27,5);
INSERT INTO wartosc_oczekiwana (id_wartosci_oczekiwanej, wartosc, id_pytania, id_kierunku) VALUES (192,5,28,5);
INSERT INTO wartosc_oczekiwana (id_wartosci_oczekiwanej, wartosc, id_pytania, id_kierunku) VALUES (193,4,29,5);
INSERT INTO wartosc_oczekiwana (id_wartosci_oczekiwanej, wartosc, id_pytania, id_kierunku) VALUES (194,7,30,5);
INSERT INTO wartosc_oczekiwana (id_wartosci_oczekiwanej, wartosc, id_pytania, id_kierunku) VALUES (195,3,31,5);
INSERT INTO wartosc_oczekiwana (id_wartosci_oczekiwanej, wartosc, id_pytania, id_kierunku) VALUES (196,8,32,5);
INSERT INTO wartosc_oczekiwana (id_wartosci_oczekiwanej, wartosc, id_pytania, id_kierunku) VALUES (197,1,33,5);
INSERT INTO wartosc_oczekiwana (id_wartosci_oczekiwanej, wartosc, id_pytania, id_kierunku) VALUES (198,10,34,5);
INSERT INTO wartosc_oczekiwana (id_wartosci_oczekiwanej, wartosc, id_pytania, id_kierunku) VALUES (199,9,35,5);
INSERT INTO wartosc_oczekiwana (id_wartosci_oczekiwanej, wartosc, id_pytania, id_kierunku) VALUES (200,8,36,5);
INSERT INTO wartosc_oczekiwana (id_wartosci_oczekiwanej, wartosc, id_pytania, id_kierunku) VALUES (201,10,37,5);
INSERT INTO wartosc_oczekiwana (id_wartosci_oczekiwanej, wartosc, id_pytania, id_kierunku) VALUES (202,9,38,5);
INSERT INTO wartosc_oczekiwana (id_wartosci_oczekiwanej, wartosc, id_pytania, id_kierunku) VALUES (203,5,39,5);
INSERT INTO wartosc_oczekiwana (id_wartosci_oczekiwanej, wartosc, id_pytania, id_kierunku) VALUES (204,8,40,5);
INSERT INTO wartosc_oczekiwana (id_wartosci_oczekiwanej, wartosc, id_pytania, id_kierunku) VALUES (205,6,41,5);
INSERT INTO wartosc_oczekiwana (id_wartosci_oczekiwanej, wartosc, id_pytania, id_kierunku) VALUES (206,7,1,6);
INSERT INTO wartosc_oczekiwana (id_wartosci_oczekiwanej, wartosc, id_pytania, id_kierunku) VALUES (207,5,2,6);
INSERT INTO wartosc_oczekiwana (id_wartosci_oczekiwanej, wartosc, id_pytania, id_kierunku) VALUES (208,3,3,6);
INSERT INTO wartosc_oczekiwana (id_wartosci_oczekiwanej, wartosc, id_pytania, id_kierunku) VALUES (209,3,4,6);
INSERT INTO wartosc_oczekiwana (id_wartosci_oczekiwanej, wartosc, id_pytania, id_kierunku) VALUES (210,2,5,6);
INSERT INTO wartosc_oczekiwana (id_wartosci_oczekiwanej, wartosc, id_pytania, id_kierunku) VALUES (211,8,6,6);
INSERT INTO wartosc_oczekiwana (id_wartosci_oczekiwanej, wartosc, id_pytania, id_kierunku) VALUES (212,5,7,6);
INSERT INTO wartosc_oczekiwana (id_wartosci_oczekiwanej, wartosc, id_pytania, id_kierunku) VALUES (213,7,8,6);
INSERT INTO wartosc_oczekiwana (id_wartosci_oczekiwanej, wartosc, id_pytania, id_kierunku) VALUES (214,9,9,6);
INSERT INTO wartosc_oczekiwana (id_wartosci_oczekiwanej, wartosc, id_pytania, id_kierunku) VALUES (215,1,10,6);
INSERT INTO wartosc_oczekiwana (id_wartosci_oczekiwanej, wartosc, id_pytania, id_kierunku) VALUES (216,7,11,6);
INSERT INTO wartosc_oczekiwana (id_wartosci_oczekiwanej, wartosc, id_pytania, id_kierunku) VALUES (217,8,12,6);
INSERT INTO wartosc_oczekiwana (id_wartosci_oczekiwanej, wartosc, id_pytania, id_kierunku) VALUES (218,7,13,6);
INSERT INTO wartosc_oczekiwana (id_wartosci_oczekiwanej, wartosc, id_pytania, id_kierunku) VALUES (219,6,14,6);
INSERT INTO wartosc_oczekiwana (id_wartosci_oczekiwanej, wartosc, id_pytania, id_kierunku) VALUES (220,5,15,6);
INSERT INTO wartosc_oczekiwana (id_wartosci_oczekiwanej, wartosc, id_pytania, id_kierunku) VALUES (221,2,16,6);
INSERT INTO wartosc_oczekiwana (id_wartosci_oczekiwanej, wartosc, id_pytania, id_kierunku) VALUES (222,7,17,6);
INSERT INTO wartosc_oczekiwana (id_wartosci_oczekiwanej, wartosc, id_pytania, id_kierunku) VALUES (223,4,18,6);
INSERT INTO wartosc_oczekiwana (id_wartosci_oczekiwanej, wartosc, id_pytania, id_kierunku) VALUES (224,7,19,6);
INSERT INTO wartosc_oczekiwana (id_wartosci_oczekiwanej, wartosc, id_pytania, id_kierunku) VALUES (225,3,20,6);
INSERT INTO wartosc_oczekiwana (id_wartosci_oczekiwanej, wartosc, id_pytania, id_kierunku) VALUES (226,8,21,6);
INSERT INTO wartosc_oczekiwana (id_wartosci_oczekiwanej, wartosc, id_pytania, id_kierunku) VALUES (227,6,22,6);
INSERT INTO wartosc_oczekiwana (id_wartosci_oczekiwanej, wartosc, id_pytania, id_kierunku) VALUES (228,6,23,6);
INSERT INTO wartosc_oczekiwana (id_wartosci_oczekiwanej, wartosc, id_pytania, id_kierunku) VALUES (229,7,24,6);
INSERT INTO wartosc_oczekiwana (id_wartosci_oczekiwanej, wartosc, id_pytania, id_kierunku) VALUES (230,2,25,6);
INSERT INTO wartosc_oczekiwana (id_wartosci_oczekiwanej, wartosc, id_pytania, id_kierunku) VALUES (231,7,26,6);
INSERT INTO wartosc_oczekiwana (id_wartosci_oczekiwanej, wartosc, id_pytania, id_kierunku) VALUES (232,7,27,6);
INSERT INTO wartosc_oczekiwana (id_wartosci_oczekiwanej, wartosc, id_pytania, id_kierunku) VALUES (233,6,28,6);
INSERT INTO wartosc_oczekiwana (id_wartosci_oczekiwanej, wartosc, id_pytania, id_kierunku) VALUES (234,7,29,6);
INSERT INTO wartosc_oczekiwana (id_wartosci_oczekiwanej, wartosc, id_pytania, id_kierunku) VALUES (235,3,30,6);
INSERT INTO wartosc_oczekiwana (id_wartosci_oczekiwanej, wartosc, id_pytania, id_kierunku) VALUES (236,2,31,6);
INSERT INTO wartosc_oczekiwana (id_wartosci_oczekiwanej, wartosc, id_pytania, id_kierunku) VALUES (237,4,32,6);
INSERT INTO wartosc_oczekiwana (id_wartosci_oczekiwanej, wartosc, id_pytania, id_kierunku) VALUES (238,2,33,6);
INSERT INTO wartosc_oczekiwana (id_wartosci_oczekiwanej, wartosc, id_pytania, id_kierunku) VALUES (239,9,34,6);
INSERT INTO wartosc_oczekiwana (id_wartosci_oczekiwanej, wartosc, id_pytania, id_kierunku) VALUES (240,10,35,6);
INSERT INTO wartosc_oczekiwana (id_wartosci_oczekiwanej, wartosc, id_pytania, id_kierunku) VALUES (241,8,36,6);
INSERT INTO wartosc_oczekiwana (id_wartosci_oczekiwanej, wartosc, id_pytania, id_kierunku) VALUES (242,7,37,6);
INSERT INTO wartosc_oczekiwana (id_wartosci_oczekiwanej, wartosc, id_pytania, id_kierunku) VALUES (243,6,38,6);
INSERT INTO wartosc_oczekiwana (id_wartosci_oczekiwanej, wartosc, id_pytania, id_kierunku) VALUES (244,7,39,6);
INSERT INTO wartosc_oczekiwana (id_wartosci_oczekiwanej, wartosc, id_pytania, id_kierunku) VALUES (245,2,40,6);
INSERT INTO wartosc_oczekiwana (id_wartosci_oczekiwanej, wartosc, id_pytania, id_kierunku) VALUES (246,7,41,6);
INSERT INTO wartosc_oczekiwana (id_wartosci_oczekiwanej, wartosc, id_pytania, id_kierunku) VALUES (247,5,1,7);
INSERT INTO wartosc_oczekiwana (id_wartosci_oczekiwanej, wartosc, id_pytania, id_kierunku) VALUES (248,2,2,7);
INSERT INTO wartosc_oczekiwana (id_wartosci_oczekiwanej, wartosc, id_pytania, id_kierunku) VALUES (249,3,3,7);
INSERT INTO wartosc_oczekiwana (id_wartosci_oczekiwanej, wartosc, id_pytania, id_kierunku) VALUES (250,3,4,7);
INSERT INTO wartosc_oczekiwana (id_wartosci_oczekiwanej, wartosc, id_pytania, id_kierunku) VALUES (251,5,5,7);
INSERT INTO wartosc_oczekiwana (id_wartosci_oczekiwanej, wartosc, id_pytania, id_kierunku) VALUES (252,8,6,7);
INSERT INTO wartosc_oczekiwana (id_wartosci_oczekiwanej, wartosc, id_pytania, id_kierunku) VALUES (253,5,7,7);
INSERT INTO wartosc_oczekiwana (id_wartosci_oczekiwanej, wartosc, id_pytania, id_kierunku) VALUES (254,10,8,7);
INSERT INTO wartosc_oczekiwana (id_wartosci_oczekiwanej, wartosc, id_pytania, id_kierunku) VALUES (255,10,9,7);
INSERT INTO wartosc_oczekiwana (id_wartosci_oczekiwanej, wartosc, id_pytania, id_kierunku) VALUES (256,10,10,7);
INSERT INTO wartosc_oczekiwana (id_wartosci_oczekiwanej, wartosc, id_pytania, id_kierunku) VALUES (257,8,11,7);
INSERT INTO wartosc_oczekiwana (id_wartosci_oczekiwanej, wartosc, id_pytania, id_kierunku) VALUES (258,6,12,7);
INSERT INTO wartosc_oczekiwana (id_wartosci_oczekiwanej, wartosc, id_pytania, id_kierunku) VALUES (259,9,13,7);
INSERT INTO wartosc_oczekiwana (id_wartosci_oczekiwanej, wartosc, id_pytania, id_kierunku) VALUES (260,7,14,7);
INSERT INTO wartosc_oczekiwana (id_wartosci_oczekiwanej, wartosc, id_pytania, id_kierunku) VALUES (261,7,15,7);
INSERT INTO wartosc_oczekiwana (id_wartosci_oczekiwanej, wartosc, id_pytania, id_kierunku) VALUES (262,5,16,7);
INSERT INTO wartosc_oczekiwana (id_wartosci_oczekiwanej, wartosc, id_pytania, id_kierunku) VALUES (263,10,17,7);
INSERT INTO wartosc_oczekiwana (id_wartosci_oczekiwanej, wartosc, id_pytania, id_kierunku) VALUES (264,3,18,7);
INSERT INTO wartosc_oczekiwana (id_wartosci_oczekiwanej, wartosc, id_pytania, id_kierunku) VALUES (265,9,19,7);
INSERT INTO wartosc_oczekiwana (id_wartosci_oczekiwanej, wartosc, id_pytania, id_kierunku) VALUES (266,5,20,7);
INSERT INTO wartosc_oczekiwana (id_wartosci_oczekiwanej, wartosc, id_pytania, id_kierunku) VALUES (267,6,21,7);
INSERT INTO wartosc_oczekiwana (id_wartosci_oczekiwanej, wartosc, id_pytania, id_kierunku) VALUES (268,7,22,7);
INSERT INTO wartosc_oczekiwana (id_wartosci_oczekiwanej, wartosc, id_pytania, id_kierunku) VALUES (269,5,23,7);
INSERT INTO wartosc_oczekiwana (id_wartosci_oczekiwanej, wartosc, id_pytania, id_kierunku) VALUES (270,10,24,7);
INSERT INTO wartosc_oczekiwana (id_wartosci_oczekiwanej, wartosc, id_pytania, id_kierunku) VALUES (271,3,25,7);
INSERT INTO wartosc_oczekiwana (id_wartosci_oczekiwanej, wartosc, id_pytania, id_kierunku) VALUES (272,9,26,7);
INSERT INTO wartosc_oczekiwana (id_wartosci_oczekiwanej, wartosc, id_pytania, id_kierunku) VALUES (273,7,27,7);
INSERT INTO wartosc_oczekiwana (id_wartosci_oczekiwanej, wartosc, id_pytania, id_kierunku) VALUES (274,5,28,7);
INSERT INTO wartosc_oczekiwana (id_wartosci_oczekiwanej, wartosc, id_pytania, id_kierunku) VALUES (275,5,29,7);
INSERT INTO wartosc_oczekiwana (id_wartosci_oczekiwanej, wartosc, id_pytania, id_kierunku) VALUES (276,5,30,7);
INSERT INTO wartosc_oczekiwana (id_wartosci_oczekiwanej, wartosc, id_pytania, id_kierunku) VALUES (277,3,31,7);
INSERT INTO wartosc_oczekiwana (id_wartosci_oczekiwanej, wartosc, id_pytania, id_kierunku) VALUES (278,5,32,7);
INSERT INTO wartosc_oczekiwana (id_wartosci_oczekiwanej, wartosc, id_pytania, id_kierunku) VALUES (279,3,33,7);
INSERT INTO wartosc_oczekiwana (id_wartosci_oczekiwanej, wartosc, id_pytania, id_kierunku) VALUES (280,10,34,7);
INSERT INTO wartosc_oczekiwana (id_wartosci_oczekiwanej, wartosc, id_pytania, id_kierunku) VALUES (281,9,35,7);
INSERT INTO wartosc_oczekiwana (id_wartosci_oczekiwanej, wartosc, id_pytania, id_kierunku) VALUES (282,6,36,7);
INSERT INTO wartosc_oczekiwana (id_wartosci_oczekiwanej, wartosc, id_pytania, id_kierunku) VALUES (283,9,37,7);
INSERT INTO wartosc_oczekiwana (id_wartosci_oczekiwanej, wartosc, id_pytania, id_kierunku) VALUES (284,6,38,7);
INSERT INTO wartosc_oczekiwana (id_wartosci_oczekiwanej, wartosc, id_pytania, id_kierunku) VALUES (285,8,39,7);
INSERT INTO wartosc_oczekiwana (id_wartosci_oczekiwanej, wartosc, id_pytania, id_kierunku) VALUES (286,6,40,7);
INSERT INTO wartosc_oczekiwana (id_wartosci_oczekiwanej, wartosc, id_pytania, id_kierunku) VALUES (287,10,41,7);
INSERT INTO wartosc_oczekiwana (id_wartosci_oczekiwanej, wartosc, id_pytania, id_kierunku) VALUES (288,6,1,8);
INSERT INTO wartosc_oczekiwana (id_wartosci_oczekiwanej, wartosc, id_pytania, id_kierunku) VALUES (289,2,2,8);
INSERT INTO wartosc_oczekiwana (id_wartosci_oczekiwanej, wartosc, id_pytania, id_kierunku) VALUES (290,6,3,8);
INSERT INTO wartosc_oczekiwana (id_wartosci_oczekiwanej, wartosc, id_pytania, id_kierunku) VALUES (291,3,4,8);
INSERT INTO wartosc_oczekiwana (id_wartosci_oczekiwanej, wartosc, id_pytania, id_kierunku) VALUES (292,5,5,8);
INSERT INTO wartosc_oczekiwana (id_wartosci_oczekiwanej, wartosc, id_pytania, id_kierunku) VALUES (293,7,6,8);
INSERT INTO wartosc_oczekiwana (id_wartosci_oczekiwanej, wartosc, id_pytania, id_kierunku) VALUES (294,5,7,8);
INSERT INTO wartosc_oczekiwana (id_wartosci_oczekiwanej, wartosc, id_pytania, id_kierunku) VALUES (295,7,8,8);
INSERT INTO wartosc_oczekiwana (id_wartosci_oczekiwanej, wartosc, id_pytania, id_kierunku) VALUES (296,6,9,8);
INSERT INTO wartosc_oczekiwana (id_wartosci_oczekiwanej, wartosc, id_pytania, id_kierunku) VALUES (297,6,10,8);
INSERT INTO wartosc_oczekiwana (id_wartosci_oczekiwanej, wartosc, id_pytania, id_kierunku) VALUES (298,5,11,8);
INSERT INTO wartosc_oczekiwana (id_wartosci_oczekiwanej, wartosc, id_pytania, id_kierunku) VALUES (299,8,12,8);
INSERT INTO wartosc_oczekiwana (id_wartosci_oczekiwanej, wartosc, id_pytania, id_kierunku) VALUES (300,5,13,8);
INSERT INTO wartosc_oczekiwana (id_wartosci_oczekiwanej, wartosc, id_pytania, id_kierunku) VALUES (301,7,14,8);
INSERT INTO wartosc_oczekiwana (id_wartosci_oczekiwanej, wartosc, id_pytania, id_kierunku) VALUES (302,9,15,8);
INSERT INTO wartosc_oczekiwana (id_wartosci_oczekiwanej, wartosc, id_pytania, id_kierunku) VALUES (303,8,16,8);
INSERT INTO wartosc_oczekiwana (id_wartosci_oczekiwanej, wartosc, id_pytania, id_kierunku) VALUES (304,8,17,8);
INSERT INTO wartosc_oczekiwana (id_wartosci_oczekiwanej, wartosc, id_pytania, id_kierunku) VALUES (305,3,18,8);
INSERT INTO wartosc_oczekiwana (id_wartosci_oczekiwanej, wartosc, id_pytania, id_kierunku) VALUES (306,7,19,8);
INSERT INTO wartosc_oczekiwana (id_wartosci_oczekiwanej, wartosc, id_pytania, id_kierunku) VALUES (307,5,20,8);
INSERT INTO wartosc_oczekiwana (id_wartosci_oczekiwanej, wartosc, id_pytania, id_kierunku) VALUES (308,6,21,8);
INSERT INTO wartosc_oczekiwana (id_wartosci_oczekiwanej, wartosc, id_pytania, id_kierunku) VALUES (309,7,22,8);
INSERT INTO wartosc_oczekiwana (id_wartosci_oczekiwanej, wartosc, id_pytania, id_kierunku) VALUES (310,5,23,8);
INSERT INTO wartosc_oczekiwana (id_wartosci_oczekiwanej, wartosc, id_pytania, id_kierunku) VALUES (311,7,24,8);
INSERT INTO wartosc_oczekiwana (id_wartosci_oczekiwanej, wartosc, id_pytania, id_kierunku) VALUES (312,4,25,8);
INSERT INTO wartosc_oczekiwana (id_wartosci_oczekiwanej, wartosc, id_pytania, id_kierunku) VALUES (313,8,26,8);
INSERT INTO wartosc_oczekiwana (id_wartosci_oczekiwanej, wartosc, id_pytania, id_kierunku) VALUES (314,7,27,8);
INSERT INTO wartosc_oczekiwana (id_wartosci_oczekiwanej, wartosc, id_pytania, id_kierunku) VALUES (315,5,28,8);
INSERT INTO wartosc_oczekiwana (id_wartosci_oczekiwanej, wartosc, id_pytania, id_kierunku) VALUES (316,7,29,8);
INSERT INTO wartosc_oczekiwana (id_wartosci_oczekiwanej, wartosc, id_pytania, id_kierunku) VALUES (317,5,30,8);
INSERT INTO wartosc_oczekiwana (id_wartosci_oczekiwanej, wartosc, id_pytania, id_kierunku) VALUES (318,6,31,8);
INSERT INTO wartosc_oczekiwana (id_wartosci_oczekiwanej, wartosc, id_pytania, id_kierunku) VALUES (319,8,32,8);
INSERT INTO wartosc_oczekiwana (id_wartosci_oczekiwanej, wartosc, id_pytania, id_kierunku) VALUES (320,3,33,8);
INSERT INTO wartosc_oczekiwana (id_wartosci_oczekiwanej, wartosc, id_pytania, id_kierunku) VALUES (321,10,34,8);
INSERT INTO wartosc_oczekiwana (id_wartosci_oczekiwanej, wartosc, id_pytania, id_kierunku) VALUES (322,8,35,8);
INSERT INTO wartosc_oczekiwana (id_wartosci_oczekiwanej, wartosc, id_pytania, id_kierunku) VALUES (323,6,36,8);
INSERT INTO wartosc_oczekiwana (id_wartosci_oczekiwanej, wartosc, id_pytania, id_kierunku) VALUES (324,8,37,8);
INSERT INTO wartosc_oczekiwana (id_wartosci_oczekiwanej, wartosc, id_pytania, id_kierunku) VALUES (325,8,38,8);
INSERT INTO wartosc_oczekiwana (id_wartosci_oczekiwanej, wartosc, id_pytania, id_kierunku) VALUES (326,9,39,8);
INSERT INTO wartosc_oczekiwana (id_wartosci_oczekiwanej, wartosc, id_pytania, id_kierunku) VALUES (327,5,40,8);
INSERT INTO wartosc_oczekiwana (id_wartosci_oczekiwanej, wartosc, id_pytania, id_kierunku) VALUES (328,5,41,8);
INSERT INTO wartosc_oczekiwana (id_wartosci_oczekiwanej, wartosc, id_pytania, id_kierunku) VALUES (329,5,1,9);
INSERT INTO wartosc_oczekiwana (id_wartosci_oczekiwanej, wartosc, id_pytania, id_kierunku) VALUES (330,3,2,9);
INSERT INTO wartosc_oczekiwana (id_wartosci_oczekiwanej, wartosc, id_pytania, id_kierunku) VALUES (331,3,3,9);
INSERT INTO wartosc_oczekiwana (id_wartosci_oczekiwanej, wartosc, id_pytania, id_kierunku) VALUES (332,3,4,9);
INSERT INTO wartosc_oczekiwana (id_wartosci_oczekiwanej, wartosc, id_pytania, id_kierunku) VALUES (333,1,5,9);
INSERT INTO wartosc_oczekiwana (id_wartosci_oczekiwanej, wartosc, id_pytania, id_kierunku) VALUES (334,8,6,9);
INSERT INTO wartosc_oczekiwana (id_wartosci_oczekiwanej, wartosc, id_pytania, id_kierunku) VALUES (335,8,7,9);
INSERT INTO wartosc_oczekiwana (id_wartosci_oczekiwanej, wartosc, id_pytania, id_kierunku) VALUES (336,8,8,9);
INSERT INTO wartosc_oczekiwana (id_wartosci_oczekiwanej, wartosc, id_pytania, id_kierunku) VALUES (337,8,9,9);
INSERT INTO wartosc_oczekiwana (id_wartosci_oczekiwanej, wartosc, id_pytania, id_kierunku) VALUES (338,1,10,9);
INSERT INTO wartosc_oczekiwana (id_wartosci_oczekiwanej, wartosc, id_pytania, id_kierunku) VALUES (339,2,11,9);
INSERT INTO wartosc_oczekiwana (id_wartosci_oczekiwanej, wartosc, id_pytania, id_kierunku) VALUES (340,7,12,9);
INSERT INTO wartosc_oczekiwana (id_wartosci_oczekiwanej, wartosc, id_pytania, id_kierunku) VALUES (341,2,13,9);
INSERT INTO wartosc_oczekiwana (id_wartosci_oczekiwanej, wartosc, id_pytania, id_kierunku) VALUES (342,8,14,9);
INSERT INTO wartosc_oczekiwana (id_wartosci_oczekiwanej, wartosc, id_pytania, id_kierunku) VALUES (343,7,15,9);
INSERT INTO wartosc_oczekiwana (id_wartosci_oczekiwanej, wartosc, id_pytania, id_kierunku) VALUES (344,1,16,9);
INSERT INTO wartosc_oczekiwana (id_wartosci_oczekiwanej, wartosc, id_pytania, id_kierunku) VALUES (345,9,17,9);
INSERT INTO wartosc_oczekiwana (id_wartosci_oczekiwanej, wartosc, id_pytania, id_kierunku) VALUES (346,3,18,9);
INSERT INTO wartosc_oczekiwana (id_wartosci_oczekiwanej, wartosc, id_pytania, id_kierunku) VALUES (347,9,19,9);
INSERT INTO wartosc_oczekiwana (id_wartosci_oczekiwanej, wartosc, id_pytania, id_kierunku) VALUES (348,3,20,9);
INSERT INTO wartosc_oczekiwana (id_wartosci_oczekiwanej, wartosc, id_pytania, id_kierunku) VALUES (349,9,21,9);
INSERT INTO wartosc_oczekiwana (id_wartosci_oczekiwanej, wartosc, id_pytania, id_kierunku) VALUES (350,8,22,9);
INSERT INTO wartosc_oczekiwana (id_wartosci_oczekiwanej, wartosc, id_pytania, id_kierunku) VALUES (351,5,23,9);
INSERT INTO wartosc_oczekiwana (id_wartosci_oczekiwanej, wartosc, id_pytania, id_kierunku) VALUES (352,2,24,9);
INSERT INTO wartosc_oczekiwana (id_wartosci_oczekiwanej, wartosc, id_pytania, id_kierunku) VALUES (353,2,25,9);
INSERT INTO wartosc_oczekiwana (id_wartosci_oczekiwanej, wartosc, id_pytania, id_kierunku) VALUES (354,9,26,9);
INSERT INTO wartosc_oczekiwana (id_wartosci_oczekiwanej, wartosc, id_pytania, id_kierunku) VALUES (355,10,27,9);
INSERT INTO wartosc_oczekiwana (id_wartosci_oczekiwanej, wartosc, id_pytania, id_kierunku) VALUES (356,6,28,9);
INSERT INTO wartosc_oczekiwana (id_wartosci_oczekiwanej, wartosc, id_pytania, id_kierunku) VALUES (357,6,29,9);
INSERT INTO wartosc_oczekiwana (id_wartosci_oczekiwanej, wartosc, id_pytania, id_kierunku) VALUES (358,5,30,9);
INSERT INTO wartosc_oczekiwana (id_wartosci_oczekiwanej, wartosc, id_pytania, id_kierunku) VALUES (359,6,31,9);
INSERT INTO wartosc_oczekiwana (id_wartosci_oczekiwanej, wartosc, id_pytania, id_kierunku) VALUES (360,8,32,9);
INSERT INTO wartosc_oczekiwana (id_wartosci_oczekiwanej, wartosc, id_pytania, id_kierunku) VALUES (361,2,33,9);
INSERT INTO wartosc_oczekiwana (id_wartosci_oczekiwanej, wartosc, id_pytania, id_kierunku) VALUES (362,10,34,9);
INSERT INTO wartosc_oczekiwana (id_wartosci_oczekiwanej, wartosc, id_pytania, id_kierunku) VALUES (363,9,35,9);
INSERT INTO wartosc_oczekiwana (id_wartosci_oczekiwanej, wartosc, id_pytania, id_kierunku) VALUES (364,9,36,9);
INSERT INTO wartosc_oczekiwana (id_wartosci_oczekiwanej, wartosc, id_pytania, id_kierunku) VALUES (365,7,37,9);
INSERT INTO wartosc_oczekiwana (id_wartosci_oczekiwanej, wartosc, id_pytania, id_kierunku) VALUES (366,8,38,9);
INSERT INTO wartosc_oczekiwana (id_wartosci_oczekiwanej, wartosc, id_pytania, id_kierunku) VALUES (367,5,39,9);
INSERT INTO wartosc_oczekiwana (id_wartosci_oczekiwanej, wartosc, id_pytania, id_kierunku) VALUES (368,1,40,9);
INSERT INTO wartosc_oczekiwana (id_wartosci_oczekiwanej, wartosc, id_pytania, id_kierunku) VALUES (369,1,41,9);
INSERT INTO wartosc_oczekiwana (id_wartosci_oczekiwanej, wartosc, id_pytania, id_kierunku) VALUES (370,5,1,10);
INSERT INTO wartosc_oczekiwana (id_wartosci_oczekiwanej, wartosc, id_pytania, id_kierunku) VALUES (371,2,2,10);
INSERT INTO wartosc_oczekiwana (id_wartosci_oczekiwanej, wartosc, id_pytania, id_kierunku) VALUES (372,3,3,10);
INSERT INTO wartosc_oczekiwana (id_wartosci_oczekiwanej, wartosc, id_pytania, id_kierunku) VALUES (373,3,4,10);
INSERT INTO wartosc_oczekiwana (id_wartosci_oczekiwanej, wartosc, id_pytania, id_kierunku) VALUES (374,1,5,10);
INSERT INTO wartosc_oczekiwana (id_wartosci_oczekiwanej, wartosc, id_pytania, id_kierunku) VALUES (375,8,6,10);
INSERT INTO wartosc_oczekiwana (id_wartosci_oczekiwanej, wartosc, id_pytania, id_kierunku) VALUES (376,9,7,10);
INSERT INTO wartosc_oczekiwana (id_wartosci_oczekiwanej, wartosc, id_pytania, id_kierunku) VALUES (377,9,8,10);
INSERT INTO wartosc_oczekiwana (id_wartosci_oczekiwanej, wartosc, id_pytania, id_kierunku) VALUES (378,9,9,10);
INSERT INTO wartosc_oczekiwana (id_wartosci_oczekiwanej, wartosc, id_pytania, id_kierunku) VALUES (379,1,10,10);
INSERT INTO wartosc_oczekiwana (id_wartosci_oczekiwanej, wartosc, id_pytania, id_kierunku) VALUES (380,8,11,10);
INSERT INTO wartosc_oczekiwana (id_wartosci_oczekiwanej, wartosc, id_pytania, id_kierunku) VALUES (381,5,12,10);
INSERT INTO wartosc_oczekiwana (id_wartosci_oczekiwanej, wartosc, id_pytania, id_kierunku) VALUES (382,10,13,10);
INSERT INTO wartosc_oczekiwana (id_wartosci_oczekiwanej, wartosc, id_pytania, id_kierunku) VALUES (383,6,14,10);
INSERT INTO wartosc_oczekiwana (id_wartosci_oczekiwanej, wartosc, id_pytania, id_kierunku) VALUES (384,8,15,10);
INSERT INTO wartosc_oczekiwana (id_wartosci_oczekiwanej, wartosc, id_pytania, id_kierunku) VALUES (385,3,16,10);
INSERT INTO wartosc_oczekiwana (id_wartosci_oczekiwanej, wartosc, id_pytania, id_kierunku) VALUES (386,9,17,10);
INSERT INTO wartosc_oczekiwana (id_wartosci_oczekiwanej, wartosc, id_pytania, id_kierunku) VALUES (387,4,18,10);
INSERT INTO wartosc_oczekiwana (id_wartosci_oczekiwanej, wartosc, id_pytania, id_kierunku) VALUES (388,9,19,10);
INSERT INTO wartosc_oczekiwana (id_wartosci_oczekiwanej, wartosc, id_pytania, id_kierunku) VALUES (389,4,20,10);
INSERT INTO wartosc_oczekiwana (id_wartosci_oczekiwanej, wartosc, id_pytania, id_kierunku) VALUES (390,5,21,10);
INSERT INTO wartosc_oczekiwana (id_wartosci_oczekiwanej, wartosc, id_pytania, id_kierunku) VALUES (391,7,22,10);
INSERT INTO wartosc_oczekiwana (id_wartosci_oczekiwanej, wartosc, id_pytania, id_kierunku) VALUES (392,5,23,10);
INSERT INTO wartosc_oczekiwana (id_wartosci_oczekiwanej, wartosc, id_pytania, id_kierunku) VALUES (393,9,24,10);
INSERT INTO wartosc_oczekiwana (id_wartosci_oczekiwanej, wartosc, id_pytania, id_kierunku) VALUES (394,2,25,10);
INSERT INTO wartosc_oczekiwana (id_wartosci_oczekiwanej, wartosc, id_pytania, id_kierunku) VALUES (395,7,26,10);
INSERT INTO wartosc_oczekiwana (id_wartosci_oczekiwanej, wartosc, id_pytania, id_kierunku) VALUES (396,5,27,10);
INSERT INTO wartosc_oczekiwana (id_wartosci_oczekiwanej, wartosc, id_pytania, id_kierunku) VALUES (397,5,28,10);
INSERT INTO wartosc_oczekiwana (id_wartosci_oczekiwanej, wartosc, id_pytania, id_kierunku) VALUES (398,6,29,10);
INSERT INTO wartosc_oczekiwana (id_wartosci_oczekiwanej, wartosc, id_pytania, id_kierunku) VALUES (399,5,30,10);
INSERT INTO wartosc_oczekiwana (id_wartosci_oczekiwanej, wartosc, id_pytania, id_kierunku) VALUES (400,4,31,10);
INSERT INTO wartosc_oczekiwana (id_wartosci_oczekiwanej, wartosc, id_pytania, id_kierunku) VALUES (401,5,32,10);
INSERT INTO wartosc_oczekiwana (id_wartosci_oczekiwanej, wartosc, id_pytania, id_kierunku) VALUES (402,3,33,10);
INSERT INTO wartosc_oczekiwana (id_wartosci_oczekiwanej, wartosc, id_pytania, id_kierunku) VALUES (403,8,34,10);
INSERT INTO wartosc_oczekiwana (id_wartosci_oczekiwanej, wartosc, id_pytania, id_kierunku) VALUES (404,8,35,10);
INSERT INTO wartosc_oczekiwana (id_wartosci_oczekiwanej, wartosc, id_pytania, id_kierunku) VALUES (405,5,36,10);
INSERT INTO wartosc_oczekiwana (id_wartosci_oczekiwanej, wartosc, id_pytania, id_kierunku) VALUES (406,6,37,10);
INSERT INTO wartosc_oczekiwana (id_wartosci_oczekiwanej, wartosc, id_pytania, id_kierunku) VALUES (407,7,38,10);
INSERT INTO wartosc_oczekiwana (id_wartosci_oczekiwanej, wartosc, id_pytania, id_kierunku) VALUES (408,6,39,10);
INSERT INTO wartosc_oczekiwana (id_wartosci_oczekiwanej, wartosc, id_pytania, id_kierunku) VALUES (409,9,40,10);
INSERT INTO wartosc_oczekiwana (id_wartosci_oczekiwanej, wartosc, id_pytania, id_kierunku) VALUES (410,9,41,10);
INSERT INTO wartosc_oczekiwana (id_wartosci_oczekiwanej, wartosc, id_pytania, id_kierunku) VALUES (411,6,1,11);
INSERT INTO wartosc_oczekiwana (id_wartosci_oczekiwanej, wartosc, id_pytania, id_kierunku) VALUES (412,2,2,11);
INSERT INTO wartosc_oczekiwana (id_wartosci_oczekiwanej, wartosc, id_pytania, id_kierunku) VALUES (413,5,3,11);
INSERT INTO wartosc_oczekiwana (id_wartosci_oczekiwanej, wartosc, id_pytania, id_kierunku) VALUES (414,7,4,11);
INSERT INTO wartosc_oczekiwana (id_wartosci_oczekiwanej, wartosc, id_pytania, id_kierunku) VALUES (415,3,5,11);
INSERT INTO wartosc_oczekiwana (id_wartosci_oczekiwanej, wartosc, id_pytania, id_kierunku) VALUES (416,7,6,11);
INSERT INTO wartosc_oczekiwana (id_wartosci_oczekiwanej, wartosc, id_pytania, id_kierunku) VALUES (417,7,7,11);
INSERT INTO wartosc_oczekiwana (id_wartosci_oczekiwanej, wartosc, id_pytania, id_kierunku) VALUES (418,6,8,11);
INSERT INTO wartosc_oczekiwana (id_wartosci_oczekiwanej, wartosc, id_pytania, id_kierunku) VALUES (419,5,9,11);
INSERT INTO wartosc_oczekiwana (id_wartosci_oczekiwanej, wartosc, id_pytania, id_kierunku) VALUES (420,1,10,11);
INSERT INTO wartosc_oczekiwana (id_wartosci_oczekiwanej, wartosc, id_pytania, id_kierunku) VALUES (421,2,11,11);
INSERT INTO wartosc_oczekiwana (id_wartosci_oczekiwanej, wartosc, id_pytania, id_kierunku) VALUES (422,8,12,11);
INSERT INTO wartosc_oczekiwana (id_wartosci_oczekiwanej, wartosc, id_pytania, id_kierunku) VALUES (423,7,13,11);
INSERT INTO wartosc_oczekiwana (id_wartosci_oczekiwanej, wartosc, id_pytania, id_kierunku) VALUES (424,7,14,11);
INSERT INTO wartosc_oczekiwana (id_wartosci_oczekiwanej, wartosc, id_pytania, id_kierunku) VALUES (425,7,15,11);
INSERT INTO wartosc_oczekiwana (id_wartosci_oczekiwanej, wartosc, id_pytania, id_kierunku) VALUES (426,3,16,11);
INSERT INTO wartosc_oczekiwana (id_wartosci_oczekiwanej, wartosc, id_pytania, id_kierunku) VALUES (427,5,17,11);
INSERT INTO wartosc_oczekiwana (id_wartosci_oczekiwanej, wartosc, id_pytania, id_kierunku) VALUES (428,4,18,11);
INSERT INTO wartosc_oczekiwana (id_wartosci_oczekiwanej, wartosc, id_pytania, id_kierunku) VALUES (429,7,19,11);
INSERT INTO wartosc_oczekiwana (id_wartosci_oczekiwanej, wartosc, id_pytania, id_kierunku) VALUES (430,7,20,11);
INSERT INTO wartosc_oczekiwana (id_wartosci_oczekiwanej, wartosc, id_pytania, id_kierunku) VALUES (431,3,21,11);
INSERT INTO wartosc_oczekiwana (id_wartosci_oczekiwanej, wartosc, id_pytania, id_kierunku) VALUES (432,3,22,11);
INSERT INTO wartosc_oczekiwana (id_wartosci_oczekiwanej, wartosc, id_pytania, id_kierunku) VALUES (433,4,23,11);
INSERT INTO wartosc_oczekiwana (id_wartosci_oczekiwanej, wartosc, id_pytania, id_kierunku) VALUES (434,2,24,11);
INSERT INTO wartosc_oczekiwana (id_wartosci_oczekiwanej, wartosc, id_pytania, id_kierunku) VALUES (435,3,25,11);
INSERT INTO wartosc_oczekiwana (id_wartosci_oczekiwanej, wartosc, id_pytania, id_kierunku) VALUES (436,4,26,11);
INSERT INTO wartosc_oczekiwana (id_wartosci_oczekiwanej, wartosc, id_pytania, id_kierunku) VALUES (437,5,27,11);
INSERT INTO wartosc_oczekiwana (id_wartosci_oczekiwanej, wartosc, id_pytania, id_kierunku) VALUES (438,3,28,11);
INSERT INTO wartosc_oczekiwana (id_wartosci_oczekiwanej, wartosc, id_pytania, id_kierunku) VALUES (439,6,29,11);
INSERT INTO wartosc_oczekiwana (id_wartosci_oczekiwanej, wartosc, id_pytania, id_kierunku) VALUES (440,3,30,11);
INSERT INTO wartosc_oczekiwana (id_wartosci_oczekiwanej, wartosc, id_pytania, id_kierunku) VALUES (441,6,31,11);
INSERT INTO wartosc_oczekiwana (id_wartosci_oczekiwanej, wartosc, id_pytania, id_kierunku) VALUES (442,6,32,11);
INSERT INTO wartosc_oczekiwana (id_wartosci_oczekiwanej, wartosc, id_pytania, id_kierunku) VALUES (443,4,33,11);
INSERT INTO wartosc_oczekiwana (id_wartosci_oczekiwanej, wartosc, id_pytania, id_kierunku) VALUES (444,4,34,11);
INSERT INTO wartosc_oczekiwana (id_wartosci_oczekiwanej, wartosc, id_pytania, id_kierunku) VALUES (445,6,35,11);
INSERT INTO wartosc_oczekiwana (id_wartosci_oczekiwanej, wartosc, id_pytania, id_kierunku) VALUES (446,3,36,11);
INSERT INTO wartosc_oczekiwana (id_wartosci_oczekiwanej, wartosc, id_pytania, id_kierunku) VALUES (447,3,37,11);
INSERT INTO wartosc_oczekiwana (id_wartosci_oczekiwanej, wartosc, id_pytania, id_kierunku) VALUES (448,5,38,11);
INSERT INTO wartosc_oczekiwana (id_wartosci_oczekiwanej, wartosc, id_pytania, id_kierunku) VALUES (449,2,39,11);
INSERT INTO wartosc_oczekiwana (id_wartosci_oczekiwanej, wartosc, id_pytania, id_kierunku) VALUES (450,4,40,11);
INSERT INTO wartosc_oczekiwana (id_wartosci_oczekiwanej, wartosc, id_pytania, id_kierunku) VALUES (451,3,41,11);
INSERT INTO wartosc_oczekiwana (id_wartosci_oczekiwanej, wartosc, id_pytania, id_kierunku) VALUES (452,4,1,12);
INSERT INTO wartosc_oczekiwana (id_wartosci_oczekiwanej, wartosc, id_pytania, id_kierunku) VALUES (453,9,2,12);
INSERT INTO wartosc_oczekiwana (id_wartosci_oczekiwanej, wartosc, id_pytania, id_kierunku) VALUES (454,3,3,12);
INSERT INTO wartosc_oczekiwana (id_wartosci_oczekiwanej, wartosc, id_pytania, id_kierunku) VALUES (455,3,4,12);
INSERT INTO wartosc_oczekiwana (id_wartosci_oczekiwanej, wartosc, id_pytania, id_kierunku) VALUES (456,4,5,12);
INSERT INTO wartosc_oczekiwana (id_wartosci_oczekiwanej, wartosc, id_pytania, id_kierunku) VALUES (457,9,6,12);
INSERT INTO wartosc_oczekiwana (id_wartosci_oczekiwanej, wartosc, id_pytania, id_kierunku) VALUES (458,9,7,12);
INSERT INTO wartosc_oczekiwana (id_wartosci_oczekiwanej, wartosc, id_pytania, id_kierunku) VALUES (459,8,8,12);
INSERT INTO wartosc_oczekiwana (id_wartosci_oczekiwanej, wartosc, id_pytania, id_kierunku) VALUES (460,1,9,12);
INSERT INTO wartosc_oczekiwana (id_wartosci_oczekiwanej, wartosc, id_pytania, id_kierunku) VALUES (461,10,10,12);
INSERT INTO wartosc_oczekiwana (id_wartosci_oczekiwanej, wartosc, id_pytania, id_kierunku) VALUES (462,5,11,12);
INSERT INTO wartosc_oczekiwana (id_wartosci_oczekiwanej, wartosc, id_pytania, id_kierunku) VALUES (463,5,12,12);
INSERT INTO wartosc_oczekiwana (id_wartosci_oczekiwanej, wartosc, id_pytania, id_kierunku) VALUES (464,2,13,12);
INSERT INTO wartosc_oczekiwana (id_wartosci_oczekiwanej, wartosc, id_pytania, id_kierunku) VALUES (465,2,14,12);
INSERT INTO wartosc_oczekiwana (id_wartosci_oczekiwanej, wartosc, id_pytania, id_kierunku) VALUES (466,2,15,12);
INSERT INTO wartosc_oczekiwana (id_wartosci_oczekiwanej, wartosc, id_pytania, id_kierunku) VALUES (467,1,16,12);
INSERT INTO wartosc_oczekiwana (id_wartosci_oczekiwanej, wartosc, id_pytania, id_kierunku) VALUES (468,9,17,12);
INSERT INTO wartosc_oczekiwana (id_wartosci_oczekiwanej, wartosc, id_pytania, id_kierunku) VALUES (469,2,18,12);
INSERT INTO wartosc_oczekiwana (id_wartosci_oczekiwanej, wartosc, id_pytania, id_kierunku) VALUES (470,9,19,12);
INSERT INTO wartosc_oczekiwana (id_wartosci_oczekiwanej, wartosc, id_pytania, id_kierunku) VALUES (471,7,20,12);
INSERT INTO wartosc_oczekiwana (id_wartosci_oczekiwanej, wartosc, id_pytania, id_kierunku) VALUES (472,8,21,12);
INSERT INTO wartosc_oczekiwana (id_wartosci_oczekiwanej, wartosc, id_pytania, id_kierunku) VALUES (473,8,22,12);
INSERT INTO wartosc_oczekiwana (id_wartosci_oczekiwanej, wartosc, id_pytania, id_kierunku) VALUES (474,5,23,12);
INSERT INTO wartosc_oczekiwana (id_wartosci_oczekiwanej, wartosc, id_pytania, id_kierunku) VALUES (475,5,24,12);
INSERT INTO wartosc_oczekiwana (id_wartosci_oczekiwanej, wartosc, id_pytania, id_kierunku) VALUES (476,1,25,12);
INSERT INTO wartosc_oczekiwana (id_wartosci_oczekiwanej, wartosc, id_pytania, id_kierunku) VALUES (477,7,26,12);
INSERT INTO wartosc_oczekiwana (id_wartosci_oczekiwanej, wartosc, id_pytania, id_kierunku) VALUES (478,5,27,12);
INSERT INTO wartosc_oczekiwana (id_wartosci_oczekiwanej, wartosc, id_pytania, id_kierunku) VALUES (479,6,28,12);
INSERT INTO wartosc_oczekiwana (id_wartosci_oczekiwanej, wartosc, id_pytania, id_kierunku) VALUES (480,3,29,12);
INSERT INTO wartosc_oczekiwana (id_wartosci_oczekiwanej, wartosc, id_pytania, id_kierunku) VALUES (481,3,30,12);
INSERT INTO wartosc_oczekiwana (id_wartosci_oczekiwanej, wartosc, id_pytania, id_kierunku) VALUES (482,1,31,12);
INSERT INTO wartosc_oczekiwana (id_wartosci_oczekiwanej, wartosc, id_pytania, id_kierunku) VALUES (483,6,32,12);
INSERT INTO wartosc_oczekiwana (id_wartosci_oczekiwanej, wartosc, id_pytania, id_kierunku) VALUES (484,1,33,12);
INSERT INTO wartosc_oczekiwana (id_wartosci_oczekiwanej, wartosc, id_pytania, id_kierunku) VALUES (485,4,34,12);
INSERT INTO wartosc_oczekiwana (id_wartosci_oczekiwanej, wartosc, id_pytania, id_kierunku) VALUES (486,5,35,12);
INSERT INTO wartosc_oczekiwana (id_wartosci_oczekiwanej, wartosc, id_pytania, id_kierunku) VALUES (487,4,36,12);
INSERT INTO wartosc_oczekiwana (id_wartosci_oczekiwanej, wartosc, id_pytania, id_kierunku) VALUES (488,3,37,12);
INSERT INTO wartosc_oczekiwana (id_wartosci_oczekiwanej, wartosc, id_pytania, id_kierunku) VALUES (489,6,38,12);
INSERT INTO wartosc_oczekiwana (id_wartosci_oczekiwanej, wartosc, id_pytania, id_kierunku) VALUES (490,3,39,12);
INSERT INTO wartosc_oczekiwana (id_wartosci_oczekiwanej, wartosc, id_pytania, id_kierunku) VALUES (491,3,40,12);
INSERT INTO wartosc_oczekiwana (id_wartosci_oczekiwanej, wartosc, id_pytania, id_kierunku) VALUES (492,7,41,12);
INSERT INTO wartosc_oczekiwana (id_wartosci_oczekiwanej, wartosc, id_pytania, id_kierunku) VALUES (493,9,1,13);
INSERT INTO wartosc_oczekiwana (id_wartosci_oczekiwanej, wartosc, id_pytania, id_kierunku) VALUES (494,8,2,13);
INSERT INTO wartosc_oczekiwana (id_wartosci_oczekiwanej, wartosc, id_pytania, id_kierunku) VALUES (495,9,3,13);
INSERT INTO wartosc_oczekiwana (id_wartosci_oczekiwanej, wartosc, id_pytania, id_kierunku) VALUES (496,9,4,13);
INSERT INTO wartosc_oczekiwana (id_wartosci_oczekiwanej, wartosc, id_pytania, id_kierunku) VALUES (497,5,5,13);
INSERT INTO wartosc_oczekiwana (id_wartosci_oczekiwanej, wartosc, id_pytania, id_kierunku) VALUES (498,7,6,13);
INSERT INTO wartosc_oczekiwana (id_wartosci_oczekiwanej, wartosc, id_pytania, id_kierunku) VALUES (499,9,7,13);
INSERT INTO wartosc_oczekiwana (id_wartosci_oczekiwanej, wartosc, id_pytania, id_kierunku) VALUES (500,7,8,13);
INSERT INTO wartosc_oczekiwana (id_wartosci_oczekiwanej, wartosc, id_pytania, id_kierunku) VALUES (501,5,9,13);
INSERT INTO wartosc_oczekiwana (id_wartosci_oczekiwanej, wartosc, id_pytania, id_kierunku) VALUES (502,9,10,13);
INSERT INTO wartosc_oczekiwana (id_wartosci_oczekiwanej, wartosc, id_pytania, id_kierunku) VALUES (503,4,11,13);
INSERT INTO wartosc_oczekiwana (id_wartosci_oczekiwanej, wartosc, id_pytania, id_kierunku) VALUES (504,4,12,13);
INSERT INTO wartosc_oczekiwana (id_wartosci_oczekiwanej, wartosc, id_pytania, id_kierunku) VALUES (505,3,13,13);
INSERT INTO wartosc_oczekiwana (id_wartosci_oczekiwanej, wartosc, id_pytania, id_kierunku) VALUES (506,4,14,13);
INSERT INTO wartosc_oczekiwana (id_wartosci_oczekiwanej, wartosc, id_pytania, id_kierunku) VALUES (507,7,15,13);
INSERT INTO wartosc_oczekiwana (id_wartosci_oczekiwanej, wartosc, id_pytania, id_kierunku) VALUES (508,2,16,13);
INSERT INTO wartosc_oczekiwana (id_wartosci_oczekiwanej, wartosc, id_pytania, id_kierunku) VALUES (509,6,17,13);
INSERT INTO wartosc_oczekiwana (id_wartosci_oczekiwanej, wartosc, id_pytania, id_kierunku) VALUES (510,5,18,13);
INSERT INTO wartosc_oczekiwana (id_wartosci_oczekiwanej, wartosc, id_pytania, id_kierunku) VALUES (511,3,19,13);
INSERT INTO wartosc_oczekiwana (id_wartosci_oczekiwanej, wartosc, id_pytania, id_kierunku) VALUES (512,10,20,13);
INSERT INTO wartosc_oczekiwana (id_wartosci_oczekiwanej, wartosc, id_pytania, id_kierunku) VALUES (513,4,21,13);
INSERT INTO wartosc_oczekiwana (id_wartosci_oczekiwanej, wartosc, id_pytania, id_kierunku) VALUES (514,5,22,13);
INSERT INTO wartosc_oczekiwana (id_wartosci_oczekiwanej, wartosc, id_pytania, id_kierunku) VALUES (515,7,23,13);
INSERT INTO wartosc_oczekiwana (id_wartosci_oczekiwanej, wartosc, id_pytania, id_kierunku) VALUES (516,4,24,13);
INSERT INTO wartosc_oczekiwana (id_wartosci_oczekiwanej, wartosc, id_pytania, id_kierunku) VALUES (517,3,25,13);
INSERT INTO wartosc_oczekiwana (id_wartosci_oczekiwanej, wartosc, id_pytania, id_kierunku) VALUES (518,8,26,13);
INSERT INTO wartosc_oczekiwana (id_wartosci_oczekiwanej, wartosc, id_pytania, id_kierunku) VALUES (519,7,27,13);
INSERT INTO wartosc_oczekiwana (id_wartosci_oczekiwanej, wartosc, id_pytania, id_kierunku) VALUES (520,6,28,13);
INSERT INTO wartosc_oczekiwana (id_wartosci_oczekiwanej, wartosc, id_pytania, id_kierunku) VALUES (521,9,29,13);
INSERT INTO wartosc_oczekiwana (id_wartosci_oczekiwanej, wartosc, id_pytania, id_kierunku) VALUES (522,2,30,13);
INSERT INTO wartosc_oczekiwana (id_wartosci_oczekiwanej, wartosc, id_pytania, id_kierunku) VALUES (523,9,31,13);
INSERT INTO wartosc_oczekiwana (id_wartosci_oczekiwanej, wartosc, id_pytania, id_kierunku) VALUES (524,10,32,13);
INSERT INTO wartosc_oczekiwana (id_wartosci_oczekiwanej, wartosc, id_pytania, id_kierunku) VALUES (525,6,33,13);
INSERT INTO wartosc_oczekiwana (id_wartosci_oczekiwanej, wartosc, id_pytania, id_kierunku) VALUES (526,5,34,13);
INSERT INTO wartosc_oczekiwana (id_wartosci_oczekiwanej, wartosc, id_pytania, id_kierunku) VALUES (527,8,35,13);
INSERT INTO wartosc_oczekiwana (id_wartosci_oczekiwanej, wartosc, id_pytania, id_kierunku) VALUES (528,4,36,13);
INSERT INTO wartosc_oczekiwana (id_wartosci_oczekiwanej, wartosc, id_pytania, id_kierunku) VALUES (529,5,37,13);
INSERT INTO wartosc_oczekiwana (id_wartosci_oczekiwanej, wartosc, id_pytania, id_kierunku) VALUES (530,8,38,13);
INSERT INTO wartosc_oczekiwana (id_wartosci_oczekiwanej, wartosc, id_pytania, id_kierunku) VALUES (531,10,39,13);
INSERT INTO wartosc_oczekiwana (id_wartosci_oczekiwanej, wartosc, id_pytania, id_kierunku) VALUES (532,3,40,13);
INSERT INTO wartosc_oczekiwana (id_wartosci_oczekiwanej, wartosc, id_pytania, id_kierunku) VALUES (533,4,41,13);
INSERT INTO wartosc_oczekiwana (id_wartosci_oczekiwanej, wartosc, id_pytania, id_kierunku) VALUES (534,6,1,14);
INSERT INTO wartosc_oczekiwana (id_wartosci_oczekiwanej, wartosc, id_pytania, id_kierunku) VALUES (535,6,2,14);
INSERT INTO wartosc_oczekiwana (id_wartosci_oczekiwanej, wartosc, id_pytania, id_kierunku) VALUES (536,5,3,14);
INSERT INTO wartosc_oczekiwana (id_wartosci_oczekiwanej, wartosc, id_pytania, id_kierunku) VALUES (537,4,4,14);
INSERT INTO wartosc_oczekiwana (id_wartosci_oczekiwanej, wartosc, id_pytania, id_kierunku) VALUES (538,3,5,14);
INSERT INTO wartosc_oczekiwana (id_wartosci_oczekiwanej, wartosc, id_pytania, id_kierunku) VALUES (539,8,6,14);
INSERT INTO wartosc_oczekiwana (id_wartosci_oczekiwanej, wartosc, id_pytania, id_kierunku) VALUES (540,8,7,14);
INSERT INTO wartosc_oczekiwana (id_wartosci_oczekiwanej, wartosc, id_pytania, id_kierunku) VALUES (541,9,8,14);
INSERT INTO wartosc_oczekiwana (id_wartosci_oczekiwanej, wartosc, id_pytania, id_kierunku) VALUES (542,10,9,14);
INSERT INTO wartosc_oczekiwana (id_wartosci_oczekiwanej, wartosc, id_pytania, id_kierunku) VALUES (543,4,10,14);
INSERT INTO wartosc_oczekiwana (id_wartosci_oczekiwanej, wartosc, id_pytania, id_kierunku) VALUES (544,9,11,14);
INSERT INTO wartosc_oczekiwana (id_wartosci_oczekiwanej, wartosc, id_pytania, id_kierunku) VALUES (545,10,12,14);
INSERT INTO wartosc_oczekiwana (id_wartosci_oczekiwanej, wartosc, id_pytania, id_kierunku) VALUES (546,10,13,14);
INSERT INTO wartosc_oczekiwana (id_wartosci_oczekiwanej, wartosc, id_pytania, id_kierunku) VALUES (547,10,14,14);
INSERT INTO wartosc_oczekiwana (id_wartosci_oczekiwanej, wartosc, id_pytania, id_kierunku) VALUES (548,9,15,14);
INSERT INTO wartosc_oczekiwana (id_wartosci_oczekiwanej, wartosc, id_pytania, id_kierunku) VALUES (549,3,16,14);
INSERT INTO wartosc_oczekiwana (id_wartosci_oczekiwanej, wartosc, id_pytania, id_kierunku) VALUES (550,10,17,14);
INSERT INTO wartosc_oczekiwana (id_wartosci_oczekiwanej, wartosc, id_pytania, id_kierunku) VALUES (551,5,18,14);
INSERT INTO wartosc_oczekiwana (id_wartosci_oczekiwanej, wartosc, id_pytania, id_kierunku) VALUES (552,10,19,14);
INSERT INTO wartosc_oczekiwana (id_wartosci_oczekiwanej, wartosc, id_pytania, id_kierunku) VALUES (553,7,20,14);
INSERT INTO wartosc_oczekiwana (id_wartosci_oczekiwanej, wartosc, id_pytania, id_kierunku) VALUES (554,8,21,14);
INSERT INTO wartosc_oczekiwana (id_wartosci_oczekiwanej, wartosc, id_pytania, id_kierunku) VALUES (555,8,22,14);
INSERT INTO wartosc_oczekiwana (id_wartosci_oczekiwanej, wartosc, id_pytania, id_kierunku) VALUES (556,8,23,14);
INSERT INTO wartosc_oczekiwana (id_wartosci_oczekiwanej, wartosc, id_pytania, id_kierunku) VALUES (557,9,24,14);
INSERT INTO wartosc_oczekiwana (id_wartosci_oczekiwanej, wartosc, id_pytania, id_kierunku) VALUES (558,5,25,14);
INSERT INTO wartosc_oczekiwana (id_wartosci_oczekiwanej, wartosc, id_pytania, id_kierunku) VALUES (559,9,26,14);
INSERT INTO wartosc_oczekiwana (id_wartosci_oczekiwanej, wartosc, id_pytania, id_kierunku) VALUES (560,10,27,14);
INSERT INTO wartosc_oczekiwana (id_wartosci_oczekiwanej, wartosc, id_pytania, id_kierunku) VALUES (561,8,28,14);
INSERT INTO wartosc_oczekiwana (id_wartosci_oczekiwanej, wartosc, id_pytania, id_kierunku) VALUES (562,5,29,14);
INSERT INTO wartosc_oczekiwana (id_wartosci_oczekiwanej, wartosc, id_pytania, id_kierunku) VALUES (563,9,30,14);
INSERT INTO wartosc_oczekiwana (id_wartosci_oczekiwanej, wartosc, id_pytania, id_kierunku) VALUES (564,4,31,14);
INSERT INTO wartosc_oczekiwana (id_wartosci_oczekiwanej, wartosc, id_pytania, id_kierunku) VALUES (565,7,32,14);
INSERT INTO wartosc_oczekiwana (id_wartosci_oczekiwanej, wartosc, id_pytania, id_kierunku) VALUES (566,4,33,14);
INSERT INTO wartosc_oczekiwana (id_wartosci_oczekiwanej, wartosc, id_pytania, id_kierunku) VALUES (567,9,34,14);
INSERT INTO wartosc_oczekiwana (id_wartosci_oczekiwanej, wartosc, id_pytania, id_kierunku) VALUES (568,9,35,14);
INSERT INTO wartosc_oczekiwana (id_wartosci_oczekiwanej, wartosc, id_pytania, id_kierunku) VALUES (569,8,36,14);
INSERT INTO wartosc_oczekiwana (id_wartosci_oczekiwanej, wartosc, id_pytania, id_kierunku) VALUES (570,10,37,14);
INSERT INTO wartosc_oczekiwana (id_wartosci_oczekiwanej, wartosc, id_pytania, id_kierunku) VALUES (571,9,38,14);
INSERT INTO wartosc_oczekiwana (id_wartosci_oczekiwanej, wartosc, id_pytania, id_kierunku) VALUES (572,8,39,14);
INSERT INTO wartosc_oczekiwana (id_wartosci_oczekiwanej, wartosc, id_pytania, id_kierunku) VALUES (573,10,40,14);
INSERT INTO wartosc_oczekiwana (id_wartosci_oczekiwanej, wartosc, id_pytania, id_kierunku) VALUES (574,9,41,14);
INSERT INTO wartosc_oczekiwana (id_wartosci_oczekiwanej, wartosc, id_pytania, id_kierunku) VALUES (575,6,1,15);
INSERT INTO wartosc_oczekiwana (id_wartosci_oczekiwanej, wartosc, id_pytania, id_kierunku) VALUES (576,5,2,15);
INSERT INTO wartosc_oczekiwana (id_wartosci_oczekiwanej, wartosc, id_pytania, id_kierunku) VALUES (577,3,3,15);
INSERT INTO wartosc_oczekiwana (id_wartosci_oczekiwanej, wartosc, id_pytania, id_kierunku) VALUES (578,3,4,15);
INSERT INTO wartosc_oczekiwana (id_wartosci_oczekiwanej, wartosc, id_pytania, id_kierunku) VALUES (579,1,5,15);
INSERT INTO wartosc_oczekiwana (id_wartosci_oczekiwanej, wartosc, id_pytania, id_kierunku) VALUES (580,8,6,15);
INSERT INTO wartosc_oczekiwana (id_wartosci_oczekiwanej, wartosc, id_pytania, id_kierunku) VALUES (581,4,7,15);
INSERT INTO wartosc_oczekiwana (id_wartosci_oczekiwanej, wartosc, id_pytania, id_kierunku) VALUES (582,9,8,15);
INSERT INTO wartosc_oczekiwana (id_wartosci_oczekiwanej, wartosc, id_pytania, id_kierunku) VALUES (583,5,9,15);
INSERT INTO wartosc_oczekiwana (id_wartosci_oczekiwanej, wartosc, id_pytania, id_kierunku) VALUES (584,1,10,15);
INSERT INTO wartosc_oczekiwana (id_wartosci_oczekiwanej, wartosc, id_pytania, id_kierunku) VALUES (585,2,11,15);
INSERT INTO wartosc_oczekiwana (id_wartosci_oczekiwanej, wartosc, id_pytania, id_kierunku) VALUES (586,1,12,15);
INSERT INTO wartosc_oczekiwana (id_wartosci_oczekiwanej, wartosc, id_pytania, id_kierunku) VALUES (587,1,13,15);
INSERT INTO wartosc_oczekiwana (id_wartosci_oczekiwanej, wartosc, id_pytania, id_kierunku) VALUES (588,2,14,15);
INSERT INTO wartosc_oczekiwana (id_wartosci_oczekiwanej, wartosc, id_pytania, id_kierunku) VALUES (589,2,15,15);
INSERT INTO wartosc_oczekiwana (id_wartosci_oczekiwanej, wartosc, id_pytania, id_kierunku) VALUES (590,7,16,15);
INSERT INTO wartosc_oczekiwana (id_wartosci_oczekiwanej, wartosc, id_pytania, id_kierunku) VALUES (591,9,17,15);
INSERT INTO wartosc_oczekiwana (id_wartosci_oczekiwanej, wartosc, id_pytania, id_kierunku) VALUES (592,1,18,15);
INSERT INTO wartosc_oczekiwana (id_wartosci_oczekiwanej, wartosc, id_pytania, id_kierunku) VALUES (593,9,19,15);
INSERT INTO wartosc_oczekiwana (id_wartosci_oczekiwanej, wartosc, id_pytania, id_kierunku) VALUES (594,8,20,15);
INSERT INTO wartosc_oczekiwana (id_wartosci_oczekiwanej, wartosc, id_pytania, id_kierunku) VALUES (595,8,21,15);
INSERT INTO wartosc_oczekiwana (id_wartosci_oczekiwanej, wartosc, id_pytania, id_kierunku) VALUES (596,7,22,15);
INSERT INTO wartosc_oczekiwana (id_wartosci_oczekiwanej, wartosc, id_pytania, id_kierunku) VALUES (597,9,23,15);
INSERT INTO wartosc_oczekiwana (id_wartosci_oczekiwanej, wartosc, id_pytania, id_kierunku) VALUES (598,3,24,15);
INSERT INTO wartosc_oczekiwana (id_wartosci_oczekiwanej, wartosc, id_pytania, id_kierunku) VALUES (599,2,25,15);
INSERT INTO wartosc_oczekiwana (id_wartosci_oczekiwanej, wartosc, id_pytania, id_kierunku) VALUES (600,8,26,15);
INSERT INTO wartosc_oczekiwana (id_wartosci_oczekiwanej, wartosc, id_pytania, id_kierunku) VALUES (601,7,27,15);
INSERT INTO wartosc_oczekiwana (id_wartosci_oczekiwanej, wartosc, id_pytania, id_kierunku) VALUES (602,8,28,15);
INSERT INTO wartosc_oczekiwana (id_wartosci_oczekiwanej, wartosc, id_pytania, id_kierunku) VALUES (603,5,29,15);
INSERT INTO wartosc_oczekiwana (id_wartosci_oczekiwanej, wartosc, id_pytania, id_kierunku) VALUES (604,3,30,15);
INSERT INTO wartosc_oczekiwana (id_wartosci_oczekiwanej, wartosc, id_pytania, id_kierunku) VALUES (605,4,31,15);
INSERT INTO wartosc_oczekiwana (id_wartosci_oczekiwanej, wartosc, id_pytania, id_kierunku) VALUES (606,6,32,15);
INSERT INTO wartosc_oczekiwana (id_wartosci_oczekiwanej, wartosc, id_pytania, id_kierunku) VALUES (607,2,33,15);
INSERT INTO wartosc_oczekiwana (id_wartosci_oczekiwanej, wartosc, id_pytania, id_kierunku) VALUES (608,10,34,15);
INSERT INTO wartosc_oczekiwana (id_wartosci_oczekiwanej, wartosc, id_pytania, id_kierunku) VALUES (609,8,35,15);
INSERT INTO wartosc_oczekiwana (id_wartosci_oczekiwanej, wartosc, id_pytania, id_kierunku) VALUES (610,7,36,15);
INSERT INTO wartosc_oczekiwana (id_wartosci_oczekiwanej, wartosc, id_pytania, id_kierunku) VALUES (611,7,37,15);
INSERT INTO wartosc_oczekiwana (id_wartosci_oczekiwanej, wartosc, id_pytania, id_kierunku) VALUES (612,8,38,15);
INSERT INTO wartosc_oczekiwana (id_wartosci_oczekiwanej, wartosc, id_pytania, id_kierunku) VALUES (613,7,39,15);
INSERT INTO wartosc_oczekiwana (id_wartosci_oczekiwanej, wartosc, id_pytania, id_kierunku) VALUES (614,1,40,15);
INSERT INTO wartosc_oczekiwana (id_wartosci_oczekiwanej, wartosc, id_pytania, id_kierunku) VALUES (615,1,41,15);
INSERT INTO wartosc_oczekiwana (id_wartosci_oczekiwanej, wartosc, id_pytania, id_kierunku) VALUES (616,8,1,16);
INSERT INTO wartosc_oczekiwana (id_wartosci_oczekiwanej, wartosc, id_pytania, id_kierunku) VALUES (617,5,2,16);
INSERT INTO wartosc_oczekiwana (id_wartosci_oczekiwanej, wartosc, id_pytania, id_kierunku) VALUES (618,5,3,16);
INSERT INTO wartosc_oczekiwana (id_wartosci_oczekiwanej, wartosc, id_pytania, id_kierunku) VALUES (619,4,4,16);
INSERT INTO wartosc_oczekiwana (id_wartosci_oczekiwanej, wartosc, id_pytania, id_kierunku) VALUES (620,2,5,16);
INSERT INTO wartosc_oczekiwana (id_wartosci_oczekiwanej, wartosc, id_pytania, id_kierunku) VALUES (621,8,6,16);
INSERT INTO wartosc_oczekiwana (id_wartosci_oczekiwanej, wartosc, id_pytania, id_kierunku) VALUES (622,10,7,16);
INSERT INTO wartosc_oczekiwana (id_wartosci_oczekiwanej, wartosc, id_pytania, id_kierunku) VALUES (623,10,8,16);
INSERT INTO wartosc_oczekiwana (id_wartosci_oczekiwanej, wartosc, id_pytania, id_kierunku) VALUES (624,9,9,16);
INSERT INTO wartosc_oczekiwana (id_wartosci_oczekiwanej, wartosc, id_pytania, id_kierunku) VALUES (625,1,10,16);
INSERT INTO wartosc_oczekiwana (id_wartosci_oczekiwanej, wartosc, id_pytania, id_kierunku) VALUES (626,4,11,16);
INSERT INTO wartosc_oczekiwana (id_wartosci_oczekiwanej, wartosc, id_pytania, id_kierunku) VALUES (627,10,12,16);
INSERT INTO wartosc_oczekiwana (id_wartosci_oczekiwanej, wartosc, id_pytania, id_kierunku) VALUES (628,2,13,16);
INSERT INTO wartosc_oczekiwana (id_wartosci_oczekiwanej, wartosc, id_pytania, id_kierunku) VALUES (629,8,14,16);
INSERT INTO wartosc_oczekiwana (id_wartosci_oczekiwanej, wartosc, id_pytania, id_kierunku) VALUES (630,10,15,16);
INSERT INTO wartosc_oczekiwana (id_wartosci_oczekiwanej, wartosc, id_pytania, id_kierunku) VALUES (631,5,16,16);
INSERT INTO wartosc_oczekiwana (id_wartosci_oczekiwanej, wartosc, id_pytania, id_kierunku) VALUES (632,10,17,16);
INSERT INTO wartosc_oczekiwana (id_wartosci_oczekiwanej, wartosc, id_pytania, id_kierunku) VALUES (633,10,18,16);
INSERT INTO wartosc_oczekiwana (id_wartosci_oczekiwanej, wartosc, id_pytania, id_kierunku) VALUES (634,10,19,16);
INSERT INTO wartosc_oczekiwana (id_wartosci_oczekiwanej, wartosc, id_pytania, id_kierunku) VALUES (635,4,20,16);
INSERT INTO wartosc_oczekiwana (id_wartosci_oczekiwanej, wartosc, id_pytania, id_kierunku) VALUES (636,6,21,16);
INSERT INTO wartosc_oczekiwana (id_wartosci_oczekiwanej, wartosc, id_pytania, id_kierunku) VALUES (637,7,22,16);
INSERT INTO wartosc_oczekiwana (id_wartosci_oczekiwanej, wartosc, id_pytania, id_kierunku) VALUES (638,5,23,16);
INSERT INTO wartosc_oczekiwana (id_wartosci_oczekiwanej, wartosc, id_pytania, id_kierunku) VALUES (639,3,24,16);
INSERT INTO wartosc_oczekiwana (id_wartosci_oczekiwanej, wartosc, id_pytania, id_kierunku) VALUES (640,2,25,16);
INSERT INTO wartosc_oczekiwana (id_wartosci_oczekiwanej, wartosc, id_pytania, id_kierunku) VALUES (641,5,26,16);
INSERT INTO wartosc_oczekiwana (id_wartosci_oczekiwanej, wartosc, id_pytania, id_kierunku) VALUES (642,7,27,16);
INSERT INTO wartosc_oczekiwana (id_wartosci_oczekiwanej, wartosc, id_pytania, id_kierunku) VALUES (643,8,28,16);
INSERT INTO wartosc_oczekiwana (id_wartosci_oczekiwanej, wartosc, id_pytania, id_kierunku) VALUES (644,6,29,16);
INSERT INTO wartosc_oczekiwana (id_wartosci_oczekiwanej, wartosc, id_pytania, id_kierunku) VALUES (645,2,30,16);
INSERT INTO wartosc_oczekiwana (id_wartosci_oczekiwanej, wartosc, id_pytania, id_kierunku) VALUES (646,3,31,16);
INSERT INTO wartosc_oczekiwana (id_wartosci_oczekiwanej, wartosc, id_pytania, id_kierunku) VALUES (647,4,32,16);
INSERT INTO wartosc_oczekiwana (id_wartosci_oczekiwanej, wartosc, id_pytania, id_kierunku) VALUES (648,1,33,16);
INSERT INTO wartosc_oczekiwana (id_wartosci_oczekiwanej, wartosc, id_pytania, id_kierunku) VALUES (649,3,34,16);
INSERT INTO wartosc_oczekiwana (id_wartosci_oczekiwanej, wartosc, id_pytania, id_kierunku) VALUES (650,5,35,16);
INSERT INTO wartosc_oczekiwana (id_wartosci_oczekiwanej, wartosc, id_pytania, id_kierunku) VALUES (651,5,36,16);
INSERT INTO wartosc_oczekiwana (id_wartosci_oczekiwanej, wartosc, id_pytania, id_kierunku) VALUES (652,4,37,16);
INSERT INTO wartosc_oczekiwana (id_wartosci_oczekiwanej, wartosc, id_pytania, id_kierunku) VALUES (653,6,38,16);
INSERT INTO wartosc_oczekiwana (id_wartosci_oczekiwanej, wartosc, id_pytania, id_kierunku) VALUES (654,2,39,16);
INSERT INTO wartosc_oczekiwana (id_wartosci_oczekiwanej, wartosc, id_pytania, id_kierunku) VALUES (655,0,40,16);
INSERT INTO wartosc_oczekiwana (id_wartosci_oczekiwanej, wartosc, id_pytania, id_kierunku) VALUES (656,1,41,16);
INSERT INTO wartosc_oczekiwana (id_wartosci_oczekiwanej, wartosc, id_pytania, id_kierunku) VALUES (657,6,1,17);
INSERT INTO wartosc_oczekiwana (id_wartosci_oczekiwanej, wartosc, id_pytania, id_kierunku) VALUES (658,4,2,17);
INSERT INTO wartosc_oczekiwana (id_wartosci_oczekiwanej, wartosc, id_pytania, id_kierunku) VALUES (659,4,3,17);
INSERT INTO wartosc_oczekiwana (id_wartosci_oczekiwanej, wartosc, id_pytania, id_kierunku) VALUES (660,5,4,17);
INSERT INTO wartosc_oczekiwana (id_wartosci_oczekiwanej, wartosc, id_pytania, id_kierunku) VALUES (661,5,5,17);
INSERT INTO wartosc_oczekiwana (id_wartosci_oczekiwanej, wartosc, id_pytania, id_kierunku) VALUES (662,6,6,17);
INSERT INTO wartosc_oczekiwana (id_wartosci_oczekiwanej, wartosc, id_pytania, id_kierunku) VALUES (663,10,7,17);
INSERT INTO wartosc_oczekiwana (id_wartosci_oczekiwanej, wartosc, id_pytania, id_kierunku) VALUES (664,8,8,17);
INSERT INTO wartosc_oczekiwana (id_wartosci_oczekiwanej, wartosc, id_pytania, id_kierunku) VALUES (665,6,9,17);
INSERT INTO wartosc_oczekiwana (id_wartosci_oczekiwanej, wartosc, id_pytania, id_kierunku) VALUES (666,1,10,17);
INSERT INTO wartosc_oczekiwana (id_wartosci_oczekiwanej, wartosc, id_pytania, id_kierunku) VALUES (667,7,11,17);
INSERT INTO wartosc_oczekiwana (id_wartosci_oczekiwanej, wartosc, id_pytania, id_kierunku) VALUES (668,10,12,17);
INSERT INTO wartosc_oczekiwana (id_wartosci_oczekiwanej, wartosc, id_pytania, id_kierunku) VALUES (669,8,13,17);
INSERT INTO wartosc_oczekiwana (id_wartosci_oczekiwanej, wartosc, id_pytania, id_kierunku) VALUES (670,8,14,17);
INSERT INTO wartosc_oczekiwana (id_wartosci_oczekiwanej, wartosc, id_pytania, id_kierunku) VALUES (671,9,15,17);
INSERT INTO wartosc_oczekiwana (id_wartosci_oczekiwanej, wartosc, id_pytania, id_kierunku) VALUES (672,5,16,17);
INSERT INTO wartosc_oczekiwana (id_wartosci_oczekiwanej, wartosc, id_pytania, id_kierunku) VALUES (673,8,17,17);
INSERT INTO wartosc_oczekiwana (id_wartosci_oczekiwanej, wartosc, id_pytania, id_kierunku) VALUES (674,9,18,17);
INSERT INTO wartosc_oczekiwana (id_wartosci_oczekiwanej, wartosc, id_pytania, id_kierunku) VALUES (675,8,19,17);
INSERT INTO wartosc_oczekiwana (id_wartosci_oczekiwanej, wartosc, id_pytania, id_kierunku) VALUES (676,3,20,17);
INSERT INTO wartosc_oczekiwana (id_wartosci_oczekiwanej, wartosc, id_pytania, id_kierunku) VALUES (677,6,21,17);
INSERT INTO wartosc_oczekiwana (id_wartosci_oczekiwanej, wartosc, id_pytania, id_kierunku) VALUES (678,5,22,17);
INSERT INTO wartosc_oczekiwana (id_wartosci_oczekiwanej, wartosc, id_pytania, id_kierunku) VALUES (679,6,23,17);
INSERT INTO wartosc_oczekiwana (id_wartosci_oczekiwanej, wartosc, id_pytania, id_kierunku) VALUES (680,8,24,17);
INSERT INTO wartosc_oczekiwana (id_wartosci_oczekiwanej, wartosc, id_pytania, id_kierunku) VALUES (681,3,25,17);
INSERT INTO wartosc_oczekiwana (id_wartosci_oczekiwanej, wartosc, id_pytania, id_kierunku) VALUES (682,4,26,17);
INSERT INTO wartosc_oczekiwana (id_wartosci_oczekiwanej, wartosc, id_pytania, id_kierunku) VALUES (683,3,27,17);
INSERT INTO wartosc_oczekiwana (id_wartosci_oczekiwanej, wartosc, id_pytania, id_kierunku) VALUES (684,7,28,17);
INSERT INTO wartosc_oczekiwana (id_wartosci_oczekiwanej, wartosc, id_pytania, id_kierunku) VALUES (685,7,29,17);
INSERT INTO wartosc_oczekiwana (id_wartosci_oczekiwanej, wartosc, id_pytania, id_kierunku) VALUES (686,4,30,17);
INSERT INTO wartosc_oczekiwana (id_wartosci_oczekiwanej, wartosc, id_pytania, id_kierunku) VALUES (687,4,31,17);
INSERT INTO wartosc_oczekiwana (id_wartosci_oczekiwanej, wartosc, id_pytania, id_kierunku) VALUES (688,4,32,17);
INSERT INTO wartosc_oczekiwana (id_wartosci_oczekiwanej, wartosc, id_pytania, id_kierunku) VALUES (689,6,33,17);
INSERT INTO wartosc_oczekiwana (id_wartosci_oczekiwanej, wartosc, id_pytania, id_kierunku) VALUES (690,7,34,17);
INSERT INTO wartosc_oczekiwana (id_wartosci_oczekiwanej, wartosc, id_pytania, id_kierunku) VALUES (691,8,35,17);
INSERT INTO wartosc_oczekiwana (id_wartosci_oczekiwanej, wartosc, id_pytania, id_kierunku) VALUES (692,6,36,17);
INSERT INTO wartosc_oczekiwana (id_wartosci_oczekiwanej, wartosc, id_pytania, id_kierunku) VALUES (693,8,37,17);
INSERT INTO wartosc_oczekiwana (id_wartosci_oczekiwanej, wartosc, id_pytania, id_kierunku) VALUES (694,5,38,17);
INSERT INTO wartosc_oczekiwana (id_wartosci_oczekiwanej, wartosc, id_pytania, id_kierunku) VALUES (695,1,39,17);
INSERT INTO wartosc_oczekiwana (id_wartosci_oczekiwanej, wartosc, id_pytania, id_kierunku) VALUES (696,4,40,17);
INSERT INTO wartosc_oczekiwana (id_wartosci_oczekiwanej, wartosc, id_pytania, id_kierunku) VALUES (697,7,41,17);
INSERT INTO wartosc_oczekiwana (id_wartosci_oczekiwanej, wartosc, id_pytania, id_kierunku) VALUES (698,8,1,18);
INSERT INTO wartosc_oczekiwana (id_wartosci_oczekiwanej, wartosc, id_pytania, id_kierunku) VALUES (699,8,2,18);
INSERT INTO wartosc_oczekiwana (id_wartosci_oczekiwanej, wartosc, id_pytania, id_kierunku) VALUES (700,9,3,18);
INSERT INTO wartosc_oczekiwana (id_wartosci_oczekiwanej, wartosc, id_pytania, id_kierunku) VALUES (701,8,4,18);
INSERT INTO wartosc_oczekiwana (id_wartosci_oczekiwanej, wartosc, id_pytania, id_kierunku) VALUES (702,4,5,18);
INSERT INTO wartosc_oczekiwana (id_wartosci_oczekiwanej, wartosc, id_pytania, id_kierunku) VALUES (703,7,6,18);
INSERT INTO wartosc_oczekiwana (id_wartosci_oczekiwanej, wartosc, id_pytania, id_kierunku) VALUES (704,4,7,18);
INSERT INTO wartosc_oczekiwana (id_wartosci_oczekiwanej, wartosc, id_pytania, id_kierunku) VALUES (705,5,8,18);
INSERT INTO wartosc_oczekiwana (id_wartosci_oczekiwanej, wartosc, id_pytania, id_kierunku) VALUES (706,1,9,18);
INSERT INTO wartosc_oczekiwana (id_wartosci_oczekiwanej, wartosc, id_pytania, id_kierunku) VALUES (707,1,10,18);
INSERT INTO wartosc_oczekiwana (id_wartosci_oczekiwanej, wartosc, id_pytania, id_kierunku) VALUES (708,4,11,18);
INSERT INTO wartosc_oczekiwana (id_wartosci_oczekiwanej, wartosc, id_pytania, id_kierunku) VALUES (709,3,12,18);
INSERT INTO wartosc_oczekiwana (id_wartosci_oczekiwanej, wartosc, id_pytania, id_kierunku) VALUES (710,1,13,18);
INSERT INTO wartosc_oczekiwana (id_wartosci_oczekiwanej, wartosc, id_pytania, id_kierunku) VALUES (711,6,14,18);
INSERT INTO wartosc_oczekiwana (id_wartosci_oczekiwanej, wartosc, id_pytania, id_kierunku) VALUES (712,4,15,18);
INSERT INTO wartosc_oczekiwana (id_wartosci_oczekiwanej, wartosc, id_pytania, id_kierunku) VALUES (713,10,16,18);
INSERT INTO wartosc_oczekiwana (id_wartosci_oczekiwanej, wartosc, id_pytania, id_kierunku) VALUES (714,6,17,18);
INSERT INTO wartosc_oczekiwana (id_wartosci_oczekiwanej, wartosc, id_pytania, id_kierunku) VALUES (715,3,18,18);
INSERT INTO wartosc_oczekiwana (id_wartosci_oczekiwanej, wartosc, id_pytania, id_kierunku) VALUES (716,6,19,18);
INSERT INTO wartosc_oczekiwana (id_wartosci_oczekiwanej, wartosc, id_pytania, id_kierunku) VALUES (717,3,20,18);
INSERT INTO wartosc_oczekiwana (id_wartosci_oczekiwanej, wartosc, id_pytania, id_kierunku) VALUES (718,4,21,18);
INSERT INTO wartosc_oczekiwana (id_wartosci_oczekiwanej, wartosc, id_pytania, id_kierunku) VALUES (719,5,22,18);
INSERT INTO wartosc_oczekiwana (id_wartosci_oczekiwanej, wartosc, id_pytania, id_kierunku) VALUES (720,6,23,18);
INSERT INTO wartosc_oczekiwana (id_wartosci_oczekiwanej, wartosc, id_pytania, id_kierunku) VALUES (721,4,24,18);
INSERT INTO wartosc_oczekiwana (id_wartosci_oczekiwanej, wartosc, id_pytania, id_kierunku) VALUES (722,7,25,18);
INSERT INTO wartosc_oczekiwana (id_wartosci_oczekiwanej, wartosc, id_pytania, id_kierunku) VALUES (723,4,26,18);
INSERT INTO wartosc_oczekiwana (id_wartosci_oczekiwanej, wartosc, id_pytania, id_kierunku) VALUES (724,1,27,18);
INSERT INTO wartosc_oczekiwana (id_wartosci_oczekiwanej, wartosc, id_pytania, id_kierunku) VALUES (725,2,28,18);
INSERT INTO wartosc_oczekiwana (id_wartosci_oczekiwanej, wartosc, id_pytania, id_kierunku) VALUES (726,9,29,18);
INSERT INTO wartosc_oczekiwana (id_wartosci_oczekiwanej, wartosc, id_pytania, id_kierunku) VALUES (727,1,30,18);
INSERT INTO wartosc_oczekiwana (id_wartosci_oczekiwanej, wartosc, id_pytania, id_kierunku) VALUES (728,10,31,18);
INSERT INTO wartosc_oczekiwana (id_wartosci_oczekiwanej, wartosc, id_pytania, id_kierunku) VALUES (729,8,32,18);
INSERT INTO wartosc_oczekiwana (id_wartosci_oczekiwanej, wartosc, id_pytania, id_kierunku) VALUES (730,8,33,18);
INSERT INTO wartosc_oczekiwana (id_wartosci_oczekiwanej, wartosc, id_pytania, id_kierunku) VALUES (731,3,34,18);
INSERT INTO wartosc_oczekiwana (id_wartosci_oczekiwanej, wartosc, id_pytania, id_kierunku) VALUES (732,3,35,18);
INSERT INTO wartosc_oczekiwana (id_wartosci_oczekiwanej, wartosc, id_pytania, id_kierunku) VALUES (733,4,36,18);
INSERT INTO wartosc_oczekiwana (id_wartosci_oczekiwanej, wartosc, id_pytania, id_kierunku) VALUES (734,3,37,18);
INSERT INTO wartosc_oczekiwana (id_wartosci_oczekiwanej, wartosc, id_pytania, id_kierunku) VALUES (735,4,38,18);
INSERT INTO wartosc_oczekiwana (id_wartosci_oczekiwanej, wartosc, id_pytania, id_kierunku) VALUES (736,1,39,18);
INSERT INTO wartosc_oczekiwana (id_wartosci_oczekiwanej, wartosc, id_pytania, id_kierunku) VALUES (737,1,40,18);
INSERT INTO wartosc_oczekiwana (id_wartosci_oczekiwanej, wartosc, id_pytania, id_kierunku) VALUES (738,3,41,18);
INSERT INTO wartosc_oczekiwana (id_wartosci_oczekiwanej, wartosc, id_pytania, id_kierunku) VALUES (739,4,1,19);
INSERT INTO wartosc_oczekiwana (id_wartosci_oczekiwanej, wartosc, id_pytania, id_kierunku) VALUES (740,4,2,19);
INSERT INTO wartosc_oczekiwana (id_wartosci_oczekiwanej, wartosc, id_pytania, id_kierunku) VALUES (741,6,3,19);
INSERT INTO wartosc_oczekiwana (id_wartosci_oczekiwanej, wartosc, id_pytania, id_kierunku) VALUES (742,4,4,19);
INSERT INTO wartosc_oczekiwana (id_wartosci_oczekiwanej, wartosc, id_pytania, id_kierunku) VALUES (743,1,5,19);
INSERT INTO wartosc_oczekiwana (id_wartosci_oczekiwanej, wartosc, id_pytania, id_kierunku) VALUES (744,7,6,19);
INSERT INTO wartosc_oczekiwana (id_wartosci_oczekiwanej, wartosc, id_pytania, id_kierunku) VALUES (745,4,7,19);
INSERT INTO wartosc_oczekiwana (id_wartosci_oczekiwanej, wartosc, id_pytania, id_kierunku) VALUES (746,7,8,19);
INSERT INTO wartosc_oczekiwana (id_wartosci_oczekiwanej, wartosc, id_pytania, id_kierunku) VALUES (747,6,9,19);
INSERT INTO wartosc_oczekiwana (id_wartosci_oczekiwanej, wartosc, id_pytania, id_kierunku) VALUES (748,1,10,19);
INSERT INTO wartosc_oczekiwana (id_wartosci_oczekiwanej, wartosc, id_pytania, id_kierunku) VALUES (749,4,11,19);
INSERT INTO wartosc_oczekiwana (id_wartosci_oczekiwanej, wartosc, id_pytania, id_kierunku) VALUES (750,6,12,19);
INSERT INTO wartosc_oczekiwana (id_wartosci_oczekiwanej, wartosc, id_pytania, id_kierunku) VALUES (751,4,13,19);
INSERT INTO wartosc_oczekiwana (id_wartosci_oczekiwanej, wartosc, id_pytania, id_kierunku) VALUES (752,8,14,19);
INSERT INTO wartosc_oczekiwana (id_wartosci_oczekiwanej, wartosc, id_pytania, id_kierunku) VALUES (753,9,15,19);
INSERT INTO wartosc_oczekiwana (id_wartosci_oczekiwanej, wartosc, id_pytania, id_kierunku) VALUES (754,10,16,19);
INSERT INTO wartosc_oczekiwana (id_wartosci_oczekiwanej, wartosc, id_pytania, id_kierunku) VALUES (755,7,17,19);
INSERT INTO wartosc_oczekiwana (id_wartosci_oczekiwanej, wartosc, id_pytania, id_kierunku) VALUES (756,4,18,19);
INSERT INTO wartosc_oczekiwana (id_wartosci_oczekiwanej, wartosc, id_pytania, id_kierunku) VALUES (757,7,19,19);
INSERT INTO wartosc_oczekiwana (id_wartosci_oczekiwanej, wartosc, id_pytania, id_kierunku) VALUES (758,6,20,19);
INSERT INTO wartosc_oczekiwana (id_wartosci_oczekiwanej, wartosc, id_pytania, id_kierunku) VALUES (759,6,21,19);
INSERT INTO wartosc_oczekiwana (id_wartosci_oczekiwanej, wartosc, id_pytania, id_kierunku) VALUES (760,6,22,19);
INSERT INTO wartosc_oczekiwana (id_wartosci_oczekiwanej, wartosc, id_pytania, id_kierunku) VALUES (761,8,23,19);
INSERT INTO wartosc_oczekiwana (id_wartosci_oczekiwanej, wartosc, id_pytania, id_kierunku) VALUES (762,4,24,19);
INSERT INTO wartosc_oczekiwana (id_wartosci_oczekiwanej, wartosc, id_pytania, id_kierunku) VALUES (763,2,25,19);
INSERT INTO wartosc_oczekiwana (id_wartosci_oczekiwanej, wartosc, id_pytania, id_kierunku) VALUES (764,7,26,19);
INSERT INTO wartosc_oczekiwana (id_wartosci_oczekiwanej, wartosc, id_pytania, id_kierunku) VALUES (765,6,27,19);
INSERT INTO wartosc_oczekiwana (id_wartosci_oczekiwanej, wartosc, id_pytania, id_kierunku) VALUES (766,7,28,19);
INSERT INTO wartosc_oczekiwana (id_wartosci_oczekiwanej, wartosc, id_pytania, id_kierunku) VALUES (767,8,29,19);
INSERT INTO wartosc_oczekiwana (id_wartosci_oczekiwanej, wartosc, id_pytania, id_kierunku) VALUES (768,1,30,19);
INSERT INTO wartosc_oczekiwana (id_wartosci_oczekiwanej, wartosc, id_pytania, id_kierunku) VALUES (769,8,31,19);
INSERT INTO wartosc_oczekiwana (id_wartosci_oczekiwanej, wartosc, id_pytania, id_kierunku) VALUES (770,9,32,19);
INSERT INTO wartosc_oczekiwana (id_wartosci_oczekiwanej, wartosc, id_pytania, id_kierunku) VALUES (771,2,33,19);
INSERT INTO wartosc_oczekiwana (id_wartosci_oczekiwanej, wartosc, id_pytania, id_kierunku) VALUES (772,4,34,19);
INSERT INTO wartosc_oczekiwana (id_wartosci_oczekiwanej, wartosc, id_pytania, id_kierunku) VALUES (773,6,35,19);
INSERT INTO wartosc_oczekiwana (id_wartosci_oczekiwanej, wartosc, id_pytania, id_kierunku) VALUES (774,6,36,19);
INSERT INTO wartosc_oczekiwana (id_wartosci_oczekiwanej, wartosc, id_pytania, id_kierunku) VALUES (775,6,37,19);
INSERT INTO wartosc_oczekiwana (id_wartosci_oczekiwanej, wartosc, id_pytania, id_kierunku) VALUES (776,4,38,19);
INSERT INTO wartosc_oczekiwana (id_wartosci_oczekiwanej, wartosc, id_pytania, id_kierunku) VALUES (777,7,39,19);
INSERT INTO wartosc_oczekiwana (id_wartosci_oczekiwanej, wartosc, id_pytania, id_kierunku) VALUES (778,2,40,19);
INSERT INTO wartosc_oczekiwana (id_wartosci_oczekiwanej, wartosc, id_pytania, id_kierunku) VALUES (779,4,41,19);
INSERT INTO wartosc_oczekiwana (id_wartosci_oczekiwanej, wartosc, id_pytania, id_kierunku) VALUES (780,4,1,20);
INSERT INTO wartosc_oczekiwana (id_wartosci_oczekiwanej, wartosc, id_pytania, id_kierunku) VALUES (781,4,2,20);
INSERT INTO wartosc_oczekiwana (id_wartosci_oczekiwanej, wartosc, id_pytania, id_kierunku) VALUES (782,3,3,20);
INSERT INTO wartosc_oczekiwana (id_wartosci_oczekiwanej, wartosc, id_pytania, id_kierunku) VALUES (783,4,4,20);
INSERT INTO wartosc_oczekiwana (id_wartosci_oczekiwanej, wartosc, id_pytania, id_kierunku) VALUES (784,1,5,20);
INSERT INTO wartosc_oczekiwana (id_wartosci_oczekiwanej, wartosc, id_pytania, id_kierunku) VALUES (785,7,6,20);
INSERT INTO wartosc_oczekiwana (id_wartosci_oczekiwanej, wartosc, id_pytania, id_kierunku) VALUES (786,4,7,20);
INSERT INTO wartosc_oczekiwana (id_wartosci_oczekiwanej, wartosc, id_pytania, id_kierunku) VALUES (787,8,8,20);
INSERT INTO wartosc_oczekiwana (id_wartosci_oczekiwanej, wartosc, id_pytania, id_kierunku) VALUES (788,8,9,20);
INSERT INTO wartosc_oczekiwana (id_wartosci_oczekiwanej, wartosc, id_pytania, id_kierunku) VALUES (789,1,10,20);
INSERT INTO wartosc_oczekiwana (id_wartosci_oczekiwanej, wartosc, id_pytania, id_kierunku) VALUES (790,6,11,20);
INSERT INTO wartosc_oczekiwana (id_wartosci_oczekiwanej, wartosc, id_pytania, id_kierunku) VALUES (791,7,12,20);
INSERT INTO wartosc_oczekiwana (id_wartosci_oczekiwanej, wartosc, id_pytania, id_kierunku) VALUES (792,4,13,20);
INSERT INTO wartosc_oczekiwana (id_wartosci_oczekiwanej, wartosc, id_pytania, id_kierunku) VALUES (793,8,14,20);
INSERT INTO wartosc_oczekiwana (id_wartosci_oczekiwanej, wartosc, id_pytania, id_kierunku) VALUES (794,6,15,20);
INSERT INTO wartosc_oczekiwana (id_wartosci_oczekiwanej, wartosc, id_pytania, id_kierunku) VALUES (795,9,16,20);
INSERT INTO wartosc_oczekiwana (id_wartosci_oczekiwanej, wartosc, id_pytania, id_kierunku) VALUES (796,9,17,20);
INSERT INTO wartosc_oczekiwana (id_wartosci_oczekiwanej, wartosc, id_pytania, id_kierunku) VALUES (797,4,18,20);
INSERT INTO wartosc_oczekiwana (id_wartosci_oczekiwanej, wartosc, id_pytania, id_kierunku) VALUES (798,8,19,20);
INSERT INTO wartosc_oczekiwana (id_wartosci_oczekiwanej, wartosc, id_pytania, id_kierunku) VALUES (799,5,20,20);
INSERT INTO wartosc_oczekiwana (id_wartosci_oczekiwanej, wartosc, id_pytania, id_kierunku) VALUES (800,6,21,20);
INSERT INTO wartosc_oczekiwana (id_wartosci_oczekiwanej, wartosc, id_pytania, id_kierunku) VALUES (801,8,22,20);
INSERT INTO wartosc_oczekiwana (id_wartosci_oczekiwanej, wartosc, id_pytania, id_kierunku) VALUES (802,7,23,20);
INSERT INTO wartosc_oczekiwana (id_wartosci_oczekiwanej, wartosc, id_pytania, id_kierunku) VALUES (803,6,24,20);
INSERT INTO wartosc_oczekiwana (id_wartosci_oczekiwanej, wartosc, id_pytania, id_kierunku) VALUES (804,2,25,20);
INSERT INTO wartosc_oczekiwana (id_wartosci_oczekiwanej, wartosc, id_pytania, id_kierunku) VALUES (805,7,26,20);
INSERT INTO wartosc_oczekiwana (id_wartosci_oczekiwanej, wartosc, id_pytania, id_kierunku) VALUES (806,8,27,20);
INSERT INTO wartosc_oczekiwana (id_wartosci_oczekiwanej, wartosc, id_pytania, id_kierunku) VALUES (807,8,28,20);
INSERT INTO wartosc_oczekiwana (id_wartosci_oczekiwanej, wartosc, id_pytania, id_kierunku) VALUES (808,6,29,20);
INSERT INTO wartosc_oczekiwana (id_wartosci_oczekiwanej, wartosc, id_pytania, id_kierunku) VALUES (809,1,30,20);
INSERT INTO wartosc_oczekiwana (id_wartosci_oczekiwanej, wartosc, id_pytania, id_kierunku) VALUES (810,4,31,20);
INSERT INTO wartosc_oczekiwana (id_wartosci_oczekiwanej, wartosc, id_pytania, id_kierunku) VALUES (811,6,32,20);
INSERT INTO wartosc_oczekiwana (id_wartosci_oczekiwanej, wartosc, id_pytania, id_kierunku) VALUES (812,1,33,20);
INSERT INTO wartosc_oczekiwana (id_wartosci_oczekiwanej, wartosc, id_pytania, id_kierunku) VALUES (813,7,34,20);
INSERT INTO wartosc_oczekiwana (id_wartosci_oczekiwanej, wartosc, id_pytania, id_kierunku) VALUES (814,7,35,20);
INSERT INTO wartosc_oczekiwana (id_wartosci_oczekiwanej, wartosc, id_pytania, id_kierunku) VALUES (815,8,36,20);
INSERT INTO wartosc_oczekiwana (id_wartosci_oczekiwanej, wartosc, id_pytania, id_kierunku) VALUES (816,8,37,20);
INSERT INTO wartosc_oczekiwana (id_wartosci_oczekiwanej, wartosc, id_pytania, id_kierunku) VALUES (817,7,38,20);
INSERT INTO wartosc_oczekiwana (id_wartosci_oczekiwanej, wartosc, id_pytania, id_kierunku) VALUES (818,4,39,20);
INSERT INTO wartosc_oczekiwana (id_wartosci_oczekiwanej, wartosc, id_pytania, id_kierunku) VALUES (819,2,40,20);
INSERT INTO wartosc_oczekiwana (id_wartosci_oczekiwanej, wartosc, id_pytania, id_kierunku) VALUES (820,6,41,20);
INSERT INTO wartosc_oczekiwana (id_wartosci_oczekiwanej, wartosc, id_pytania, id_kierunku) VALUES (821,6,1,21);
INSERT INTO wartosc_oczekiwana (id_wartosci_oczekiwanej, wartosc, id_pytania, id_kierunku) VALUES (822,6,2,21);
INSERT INTO wartosc_oczekiwana (id_wartosci_oczekiwanej, wartosc, id_pytania, id_kierunku) VALUES (823,5,3,21);
INSERT INTO wartosc_oczekiwana (id_wartosci_oczekiwanej, wartosc, id_pytania, id_kierunku) VALUES (824,6,4,21);
INSERT INTO wartosc_oczekiwana (id_wartosci_oczekiwanej, wartosc, id_pytania, id_kierunku) VALUES (825,2,5,21);
INSERT INTO wartosc_oczekiwana (id_wartosci_oczekiwanej, wartosc, id_pytania, id_kierunku) VALUES (826,7,6,21);
INSERT INTO wartosc_oczekiwana (id_wartosci_oczekiwanej, wartosc, id_pytania, id_kierunku) VALUES (827,7,7,21);
INSERT INTO wartosc_oczekiwana (id_wartosci_oczekiwanej, wartosc, id_pytania, id_kierunku) VALUES (828,8,8,21);
INSERT INTO wartosc_oczekiwana (id_wartosci_oczekiwanej, wartosc, id_pytania, id_kierunku) VALUES (829,7,9,21);
INSERT INTO wartosc_oczekiwana (id_wartosci_oczekiwanej, wartosc, id_pytania, id_kierunku) VALUES (830,1,10,21);
INSERT INTO wartosc_oczekiwana (id_wartosci_oczekiwanej, wartosc, id_pytania, id_kierunku) VALUES (831,6,11,21);
INSERT INTO wartosc_oczekiwana (id_wartosci_oczekiwanej, wartosc, id_pytania, id_kierunku) VALUES (832,2,12,21);
INSERT INTO wartosc_oczekiwana (id_wartosci_oczekiwanej, wartosc, id_pytania, id_kierunku) VALUES (833,3,13,21);
INSERT INTO wartosc_oczekiwana (id_wartosci_oczekiwanej, wartosc, id_pytania, id_kierunku) VALUES (834,8,14,21);
INSERT INTO wartosc_oczekiwana (id_wartosci_oczekiwanej, wartosc, id_pytania, id_kierunku) VALUES (835,8,15,21);
INSERT INTO wartosc_oczekiwana (id_wartosci_oczekiwanej, wartosc, id_pytania, id_kierunku) VALUES (836,7,16,21);
INSERT INTO wartosc_oczekiwana (id_wartosci_oczekiwanej, wartosc, id_pytania, id_kierunku) VALUES (837,7,17,21);
INSERT INTO wartosc_oczekiwana (id_wartosci_oczekiwanej, wartosc, id_pytania, id_kierunku) VALUES (838,6,18,21);
INSERT INTO wartosc_oczekiwana (id_wartosci_oczekiwanej, wartosc, id_pytania, id_kierunku) VALUES (839,7,19,21);
INSERT INTO wartosc_oczekiwana (id_wartosci_oczekiwanej, wartosc, id_pytania, id_kierunku) VALUES (840,6,20,21);
INSERT INTO wartosc_oczekiwana (id_wartosci_oczekiwanej, wartosc, id_pytania, id_kierunku) VALUES (841,7,21,21);
INSERT INTO wartosc_oczekiwana (id_wartosci_oczekiwanej, wartosc, id_pytania, id_kierunku) VALUES (842,6,22,21);
INSERT INTO wartosc_oczekiwana (id_wartosci_oczekiwanej, wartosc, id_pytania, id_kierunku) VALUES (843,6,23,21);
INSERT INTO wartosc_oczekiwana (id_wartosci_oczekiwanej, wartosc, id_pytania, id_kierunku) VALUES (844,7,24,21);
INSERT INTO wartosc_oczekiwana (id_wartosci_oczekiwanej, wartosc, id_pytania, id_kierunku) VALUES (845,5,25,21);
INSERT INTO wartosc_oczekiwana (id_wartosci_oczekiwanej, wartosc, id_pytania, id_kierunku) VALUES (846,7,26,21);
INSERT INTO wartosc_oczekiwana (id_wartosci_oczekiwanej, wartosc, id_pytania, id_kierunku) VALUES (847,7,27,21);
INSERT INTO wartosc_oczekiwana (id_wartosci_oczekiwanej, wartosc, id_pytania, id_kierunku) VALUES (848,6,28,21);
INSERT INTO wartosc_oczekiwana (id_wartosci_oczekiwanej, wartosc, id_pytania, id_kierunku) VALUES (849,8,29,21);
INSERT INTO wartosc_oczekiwana (id_wartosci_oczekiwanej, wartosc, id_pytania, id_kierunku) VALUES (850,4,30,21);
INSERT INTO wartosc_oczekiwana (id_wartosci_oczekiwanej, wartosc, id_pytania, id_kierunku) VALUES (851,7,31,21);
INSERT INTO wartosc_oczekiwana (id_wartosci_oczekiwanej, wartosc, id_pytania, id_kierunku) VALUES (852,6,32,21);
INSERT INTO wartosc_oczekiwana (id_wartosci_oczekiwanej, wartosc, id_pytania, id_kierunku) VALUES (853,5,33,21);
INSERT INTO wartosc_oczekiwana (id_wartosci_oczekiwanej, wartosc, id_pytania, id_kierunku) VALUES (854,7,34,21);
INSERT INTO wartosc_oczekiwana (id_wartosci_oczekiwanej, wartosc, id_pytania, id_kierunku) VALUES (855,6,35,21);
INSERT INTO wartosc_oczekiwana (id_wartosci_oczekiwanej, wartosc, id_pytania, id_kierunku) VALUES (856,6,36,21);
INSERT INTO wartosc_oczekiwana (id_wartosci_oczekiwanej, wartosc, id_pytania, id_kierunku) VALUES (857,6,37,21);
INSERT INTO wartosc_oczekiwana (id_wartosci_oczekiwanej, wartosc, id_pytania, id_kierunku) VALUES (858,7,38,21);
INSERT INTO wartosc_oczekiwana (id_wartosci_oczekiwanej, wartosc, id_pytania, id_kierunku) VALUES (859,8,39,21);
INSERT INTO wartosc_oczekiwana (id_wartosci_oczekiwanej, wartosc, id_pytania, id_kierunku) VALUES (860,2,40,21);
INSERT INTO wartosc_oczekiwana (id_wartosci_oczekiwanej, wartosc, id_pytania, id_kierunku) VALUES (861,7,41,21);
INSERT INTO wartosc_oczekiwana (id_wartosci_oczekiwanej, wartosc, id_pytania, id_kierunku) VALUES (862,4,1,22);
INSERT INTO wartosc_oczekiwana (id_wartosci_oczekiwanej, wartosc, id_pytania, id_kierunku) VALUES (863,7,2,22);
INSERT INTO wartosc_oczekiwana (id_wartosci_oczekiwanej, wartosc, id_pytania, id_kierunku) VALUES (864,3,3,22);
INSERT INTO wartosc_oczekiwana (id_wartosci_oczekiwanej, wartosc, id_pytania, id_kierunku) VALUES (865,4,4,22);
INSERT INTO wartosc_oczekiwana (id_wartosci_oczekiwanej, wartosc, id_pytania, id_kierunku) VALUES (866,2,5,22);
INSERT INTO wartosc_oczekiwana (id_wartosci_oczekiwanej, wartosc, id_pytania, id_kierunku) VALUES (867,8,6,22);
INSERT INTO wartosc_oczekiwana (id_wartosci_oczekiwanej, wartosc, id_pytania, id_kierunku) VALUES (868,9,7,22);
INSERT INTO wartosc_oczekiwana (id_wartosci_oczekiwanej, wartosc, id_pytania, id_kierunku) VALUES (869,9,8,22);
INSERT INTO wartosc_oczekiwana (id_wartosci_oczekiwanej, wartosc, id_pytania, id_kierunku) VALUES (870,9,9,22);
INSERT INTO wartosc_oczekiwana (id_wartosci_oczekiwanej, wartosc, id_pytania, id_kierunku) VALUES (871,1,10,22);
INSERT INTO wartosc_oczekiwana (id_wartosci_oczekiwanej, wartosc, id_pytania, id_kierunku) VALUES (872,8,11,22);
INSERT INTO wartosc_oczekiwana (id_wartosci_oczekiwanej, wartosc, id_pytania, id_kierunku) VALUES (873,1,12,22);
INSERT INTO wartosc_oczekiwana (id_wartosci_oczekiwanej, wartosc, id_pytania, id_kierunku) VALUES (874,1,13,22);
INSERT INTO wartosc_oczekiwana (id_wartosci_oczekiwanej, wartosc, id_pytania, id_kierunku) VALUES (875,6,14,22);
INSERT INTO wartosc_oczekiwana (id_wartosci_oczekiwanej, wartosc, id_pytania, id_kierunku) VALUES (876,5,15,22);
INSERT INTO wartosc_oczekiwana (id_wartosci_oczekiwanej, wartosc, id_pytania, id_kierunku) VALUES (877,7,16,22);
INSERT INTO wartosc_oczekiwana (id_wartosci_oczekiwanej, wartosc, id_pytania, id_kierunku) VALUES (878,9,17,22);
INSERT INTO wartosc_oczekiwana (id_wartosci_oczekiwanej, wartosc, id_pytania, id_kierunku) VALUES (879,5,18,22);
INSERT INTO wartosc_oczekiwana (id_wartosci_oczekiwanej, wartosc, id_pytania, id_kierunku) VALUES (880,9,19,22);
INSERT INTO wartosc_oczekiwana (id_wartosci_oczekiwanej, wartosc, id_pytania, id_kierunku) VALUES (881,8,20,22);
INSERT INTO wartosc_oczekiwana (id_wartosci_oczekiwanej, wartosc, id_pytania, id_kierunku) VALUES (882,9,21,22);
INSERT INTO wartosc_oczekiwana (id_wartosci_oczekiwanej, wartosc, id_pytania, id_kierunku) VALUES (883,8,22,22);
INSERT INTO wartosc_oczekiwana (id_wartosci_oczekiwanej, wartosc, id_pytania, id_kierunku) VALUES (884,8,23,22);
INSERT INTO wartosc_oczekiwana (id_wartosci_oczekiwanej, wartosc, id_pytania, id_kierunku) VALUES (885,8,24,22);
INSERT INTO wartosc_oczekiwana (id_wartosci_oczekiwanej, wartosc, id_pytania, id_kierunku) VALUES (886,1,25,22);
INSERT INTO wartosc_oczekiwana (id_wartosci_oczekiwanej, wartosc, id_pytania, id_kierunku) VALUES (887,7,26,22);
INSERT INTO wartosc_oczekiwana (id_wartosci_oczekiwanej, wartosc, id_pytania, id_kierunku) VALUES (888,6,27,22);
INSERT INTO wartosc_oczekiwana (id_wartosci_oczekiwanej, wartosc, id_pytania, id_kierunku) VALUES (889,8,28,22);
INSERT INTO wartosc_oczekiwana (id_wartosci_oczekiwanej, wartosc, id_pytania, id_kierunku) VALUES (890,6,29,22);
INSERT INTO wartosc_oczekiwana (id_wartosci_oczekiwanej, wartosc, id_pytania, id_kierunku) VALUES (891,8,30,22);
INSERT INTO wartosc_oczekiwana (id_wartosci_oczekiwanej, wartosc, id_pytania, id_kierunku) VALUES (892,3,31,22);
INSERT INTO wartosc_oczekiwana (id_wartosci_oczekiwanej, wartosc, id_pytania, id_kierunku) VALUES (893,4,32,22);
INSERT INTO wartosc_oczekiwana (id_wartosci_oczekiwanej, wartosc, id_pytania, id_kierunku) VALUES (894,4,33,22);
INSERT INTO wartosc_oczekiwana (id_wartosci_oczekiwanej, wartosc, id_pytania, id_kierunku) VALUES (895,9,34,22);
INSERT INTO wartosc_oczekiwana (id_wartosci_oczekiwanej, wartosc, id_pytania, id_kierunku) VALUES (896,10,35,22);
INSERT INTO wartosc_oczekiwana (id_wartosci_oczekiwanej, wartosc, id_pytania, id_kierunku) VALUES (897,9,36,22);
INSERT INTO wartosc_oczekiwana (id_wartosci_oczekiwanej, wartosc, id_pytania, id_kierunku) VALUES (898,9,37,22);
INSERT INTO wartosc_oczekiwana (id_wartosci_oczekiwanej, wartosc, id_pytania, id_kierunku) VALUES (899,7,38,22);
INSERT INTO wartosc_oczekiwana (id_wartosci_oczekiwanej, wartosc, id_pytania, id_kierunku) VALUES (900,8,39,22);
INSERT INTO wartosc_oczekiwana (id_wartosci_oczekiwanej, wartosc, id_pytania, id_kierunku) VALUES (901,1,40,22);
INSERT INTO wartosc_oczekiwana (id_wartosci_oczekiwanej, wartosc, id_pytania, id_kierunku) VALUES (902,8,41,22);
INSERT INTO wartosc_oczekiwana (id_wartosci_oczekiwanej, wartosc, id_pytania, id_kierunku) VALUES (903,5,1,23);
INSERT INTO wartosc_oczekiwana (id_wartosci_oczekiwanej, wartosc, id_pytania, id_kierunku) VALUES (904,3,2,23);
INSERT INTO wartosc_oczekiwana (id_wartosci_oczekiwanej, wartosc, id_pytania, id_kierunku) VALUES (905,3,3,23);
INSERT INTO wartosc_oczekiwana (id_wartosci_oczekiwanej, wartosc, id_pytania, id_kierunku) VALUES (906,3,4,23);
INSERT INTO wartosc_oczekiwana (id_wartosci_oczekiwanej, wartosc, id_pytania, id_kierunku) VALUES (907,2,5,23);
INSERT INTO wartosc_oczekiwana (id_wartosci_oczekiwanej, wartosc, id_pytania, id_kierunku) VALUES (908,9,6,23);
INSERT INTO wartosc_oczekiwana (id_wartosci_oczekiwanej, wartosc, id_pytania, id_kierunku) VALUES (909,7,7,23);
INSERT INTO wartosc_oczekiwana (id_wartosci_oczekiwanej, wartosc, id_pytania, id_kierunku) VALUES (910,10,8,23);
INSERT INTO wartosc_oczekiwana (id_wartosci_oczekiwanej, wartosc, id_pytania, id_kierunku) VALUES (911,9,9,23);
INSERT INTO wartosc_oczekiwana (id_wartosci_oczekiwanej, wartosc, id_pytania, id_kierunku) VALUES (912,2,10,23);
INSERT INTO wartosc_oczekiwana (id_wartosci_oczekiwanej, wartosc, id_pytania, id_kierunku) VALUES (913,5,11,23);
INSERT INTO wartosc_oczekiwana (id_wartosci_oczekiwanej, wartosc, id_pytania, id_kierunku) VALUES (914,5,12,23);
INSERT INTO wartosc_oczekiwana (id_wartosci_oczekiwanej, wartosc, id_pytania, id_kierunku) VALUES (915,4,13,23);
INSERT INTO wartosc_oczekiwana (id_wartosci_oczekiwanej, wartosc, id_pytania, id_kierunku) VALUES (916,8,14,23);
INSERT INTO wartosc_oczekiwana (id_wartosci_oczekiwanej, wartosc, id_pytania, id_kierunku) VALUES (917,9,15,23);
INSERT INTO wartosc_oczekiwana (id_wartosci_oczekiwanej, wartosc, id_pytania, id_kierunku) VALUES (918,6,16,23);
INSERT INTO wartosc_oczekiwana (id_wartosci_oczekiwanej, wartosc, id_pytania, id_kierunku) VALUES (919,8,17,23);
INSERT INTO wartosc_oczekiwana (id_wartosci_oczekiwanej, wartosc, id_pytania, id_kierunku) VALUES (920,5,18,23);
INSERT INTO wartosc_oczekiwana (id_wartosci_oczekiwanej, wartosc, id_pytania, id_kierunku) VALUES (921,9,19,23);
INSERT INTO wartosc_oczekiwana (id_wartosci_oczekiwanej, wartosc, id_pytania, id_kierunku) VALUES (922,6,20,23);
INSERT INTO wartosc_oczekiwana (id_wartosci_oczekiwanej, wartosc, id_pytania, id_kierunku) VALUES (923,9,21,23);
INSERT INTO wartosc_oczekiwana (id_wartosci_oczekiwanej, wartosc, id_pytania, id_kierunku) VALUES (924,8,22,23);
INSERT INTO wartosc_oczekiwana (id_wartosci_oczekiwanej, wartosc, id_pytania, id_kierunku) VALUES (925,9,23,23);
INSERT INTO wartosc_oczekiwana (id_wartosci_oczekiwanej, wartosc, id_pytania, id_kierunku) VALUES (926,5,24,23);
INSERT INTO wartosc_oczekiwana (id_wartosci_oczekiwanej, wartosc, id_pytania, id_kierunku) VALUES (927,2,25,23);
INSERT INTO wartosc_oczekiwana (id_wartosci_oczekiwanej, wartosc, id_pytania, id_kierunku) VALUES (928,9,26,23);
INSERT INTO wartosc_oczekiwana (id_wartosci_oczekiwanej, wartosc, id_pytania, id_kierunku) VALUES (929,7,27,23);
INSERT INTO wartosc_oczekiwana (id_wartosci_oczekiwanej, wartosc, id_pytania, id_kierunku) VALUES (930,5,28,23);
INSERT INTO wartosc_oczekiwana (id_wartosci_oczekiwanej, wartosc, id_pytania, id_kierunku) VALUES (931,5,29,23);
INSERT INTO wartosc_oczekiwana (id_wartosci_oczekiwanej, wartosc, id_pytania, id_kierunku) VALUES (932,4,30,23);
INSERT INTO wartosc_oczekiwana (id_wartosci_oczekiwanej, wartosc, id_pytania, id_kierunku) VALUES (933,7,31,23);
INSERT INTO wartosc_oczekiwana (id_wartosci_oczekiwanej, wartosc, id_pytania, id_kierunku) VALUES (934,8,32,23);
INSERT INTO wartosc_oczekiwana (id_wartosci_oczekiwanej, wartosc, id_pytania, id_kierunku) VALUES (935,3,33,23);
INSERT INTO wartosc_oczekiwana (id_wartosci_oczekiwanej, wartosc, id_pytania, id_kierunku) VALUES (936,7,34,23);
INSERT INTO wartosc_oczekiwana (id_wartosci_oczekiwanej, wartosc, id_pytania, id_kierunku) VALUES (937,9,35,23);
INSERT INTO wartosc_oczekiwana (id_wartosci_oczekiwanej, wartosc, id_pytania, id_kierunku) VALUES (938,9,36,23);
INSERT INTO wartosc_oczekiwana (id_wartosci_oczekiwanej, wartosc, id_pytania, id_kierunku) VALUES (939,8,37,23);
INSERT INTO wartosc_oczekiwana (id_wartosci_oczekiwanej, wartosc, id_pytania, id_kierunku) VALUES (940,7,38,23);
INSERT INTO wartosc_oczekiwana (id_wartosci_oczekiwanej, wartosc, id_pytania, id_kierunku) VALUES (941,9,39,23);
INSERT INTO wartosc_oczekiwana (id_wartosci_oczekiwanej, wartosc, id_pytania, id_kierunku) VALUES (942,3,40,23);
INSERT INTO wartosc_oczekiwana (id_wartosci_oczekiwanej, wartosc, id_pytania, id_kierunku) VALUES (943,5,41,23);
INSERT INTO wartosc_oczekiwana (id_wartosci_oczekiwanej, wartosc, id_pytania, id_kierunku) VALUES (944,6,1,24);
INSERT INTO wartosc_oczekiwana (id_wartosci_oczekiwanej, wartosc, id_pytania, id_kierunku) VALUES (945,6,2,24);
INSERT INTO wartosc_oczekiwana (id_wartosci_oczekiwanej, wartosc, id_pytania, id_kierunku) VALUES (946,7,3,24);
INSERT INTO wartosc_oczekiwana (id_wartosci_oczekiwanej, wartosc, id_pytania, id_kierunku) VALUES (947,5,4,24);
INSERT INTO wartosc_oczekiwana (id_wartosci_oczekiwanej, wartosc, id_pytania, id_kierunku) VALUES (948,1,5,24);
INSERT INTO wartosc_oczekiwana (id_wartosci_oczekiwanej, wartosc, id_pytania, id_kierunku) VALUES (949,8,6,24);
INSERT INTO wartosc_oczekiwana (id_wartosci_oczekiwanej, wartosc, id_pytania, id_kierunku) VALUES (950,8,7,24);
INSERT INTO wartosc_oczekiwana (id_wartosci_oczekiwanej, wartosc, id_pytania, id_kierunku) VALUES (951,9,8,24);
INSERT INTO wartosc_oczekiwana (id_wartosci_oczekiwanej, wartosc, id_pytania, id_kierunku) VALUES (952,8,9,24);
INSERT INTO wartosc_oczekiwana (id_wartosci_oczekiwanej, wartosc, id_pytania, id_kierunku) VALUES (953,1,10,24);
INSERT INTO wartosc_oczekiwana (id_wartosci_oczekiwanej, wartosc, id_pytania, id_kierunku) VALUES (954,7,11,24);
INSERT INTO wartosc_oczekiwana (id_wartosci_oczekiwanej, wartosc, id_pytania, id_kierunku) VALUES (955,1,12,24);
INSERT INTO wartosc_oczekiwana (id_wartosci_oczekiwanej, wartosc, id_pytania, id_kierunku) VALUES (956,1,13,24);
INSERT INTO wartosc_oczekiwana (id_wartosci_oczekiwanej, wartosc, id_pytania, id_kierunku) VALUES (957,8,14,24);
INSERT INTO wartosc_oczekiwana (id_wartosci_oczekiwanej, wartosc, id_pytania, id_kierunku) VALUES (958,6,15,24);
INSERT INTO wartosc_oczekiwana (id_wartosci_oczekiwanej, wartosc, id_pytania, id_kierunku) VALUES (959,9,16,24);
INSERT INTO wartosc_oczekiwana (id_wartosci_oczekiwanej, wartosc, id_pytania, id_kierunku) VALUES (960,9,17,24);
INSERT INTO wartosc_oczekiwana (id_wartosci_oczekiwanej, wartosc, id_pytania, id_kierunku) VALUES (961,4,18,24);
INSERT INTO wartosc_oczekiwana (id_wartosci_oczekiwanej, wartosc, id_pytania, id_kierunku) VALUES (962,8,19,24);
INSERT INTO wartosc_oczekiwana (id_wartosci_oczekiwanej, wartosc, id_pytania, id_kierunku) VALUES (963,7,20,24);
INSERT INTO wartosc_oczekiwana (id_wartosci_oczekiwanej, wartosc, id_pytania, id_kierunku) VALUES (964,9,21,24);
INSERT INTO wartosc_oczekiwana (id_wartosci_oczekiwanej, wartosc, id_pytania, id_kierunku) VALUES (965,8,22,24);
INSERT INTO wartosc_oczekiwana (id_wartosci_oczekiwanej, wartosc, id_pytania, id_kierunku) VALUES (966,7,23,24);
INSERT INTO wartosc_oczekiwana (id_wartosci_oczekiwanej, wartosc, id_pytania, id_kierunku) VALUES (967,6,24,24);
INSERT INTO wartosc_oczekiwana (id_wartosci_oczekiwanej, wartosc, id_pytania, id_kierunku) VALUES (968,4,25,24);
INSERT INTO wartosc_oczekiwana (id_wartosci_oczekiwanej, wartosc, id_pytania, id_kierunku) VALUES (969,7,26,24);
INSERT INTO wartosc_oczekiwana (id_wartosci_oczekiwanej, wartosc, id_pytania, id_kierunku) VALUES (970,3,27,24);
INSERT INTO wartosc_oczekiwana (id_wartosci_oczekiwanej, wartosc, id_pytania, id_kierunku) VALUES (971,7,28,24);
INSERT INTO wartosc_oczekiwana (id_wartosci_oczekiwanej, wartosc, id_pytania, id_kierunku) VALUES (972,6,29,24);
INSERT INTO wartosc_oczekiwana (id_wartosci_oczekiwanej, wartosc, id_pytania, id_kierunku) VALUES (973,3,30,24);
INSERT INTO wartosc_oczekiwana (id_wartosci_oczekiwanej, wartosc, id_pytania, id_kierunku) VALUES (974,3,31,24);
INSERT INTO wartosc_oczekiwana (id_wartosci_oczekiwanej, wartosc, id_pytania, id_kierunku) VALUES (975,5,32,24);
INSERT INTO wartosc_oczekiwana (id_wartosci_oczekiwanej, wartosc, id_pytania, id_kierunku) VALUES (976,2,33,24);
INSERT INTO wartosc_oczekiwana (id_wartosci_oczekiwanej, wartosc, id_pytania, id_kierunku) VALUES (977,7,34,24);
INSERT INTO wartosc_oczekiwana (id_wartosci_oczekiwanej, wartosc, id_pytania, id_kierunku) VALUES (978,4,35,24);
INSERT INTO wartosc_oczekiwana (id_wartosci_oczekiwanej, wartosc, id_pytania, id_kierunku) VALUES (979,9,36,24);
INSERT INTO wartosc_oczekiwana (id_wartosci_oczekiwanej, wartosc, id_pytania, id_kierunku) VALUES (980,6,37,24);
INSERT INTO wartosc_oczekiwana (id_wartosci_oczekiwanej, wartosc, id_pytania, id_kierunku) VALUES (981,7,38,24);
INSERT INTO wartosc_oczekiwana (id_wartosci_oczekiwanej, wartosc, id_pytania, id_kierunku) VALUES (982,6,39,24);
INSERT INTO wartosc_oczekiwana (id_wartosci_oczekiwanej, wartosc, id_pytania, id_kierunku) VALUES (983,1,40,24);
INSERT INTO wartosc_oczekiwana (id_wartosci_oczekiwanej, wartosc, id_pytania, id_kierunku) VALUES (984,7,41,24);
INSERT INTO wartosc_oczekiwana (id_wartosci_oczekiwanej, wartosc, id_pytania, id_kierunku) VALUES (985,7,1,25);
INSERT INTO wartosc_oczekiwana (id_wartosci_oczekiwanej, wartosc, id_pytania, id_kierunku) VALUES (986,6,2,25);
INSERT INTO wartosc_oczekiwana (id_wartosci_oczekiwanej, wartosc, id_pytania, id_kierunku) VALUES (987,5,3,25);
INSERT INTO wartosc_oczekiwana (id_wartosci_oczekiwanej, wartosc, id_pytania, id_kierunku) VALUES (988,7,4,25);
INSERT INTO wartosc_oczekiwana (id_wartosci_oczekiwanej, wartosc, id_pytania, id_kierunku) VALUES (989,1,5,25);
INSERT INTO wartosc_oczekiwana (id_wartosci_oczekiwanej, wartosc, id_pytania, id_kierunku) VALUES (990,8,6,25);
INSERT INTO wartosc_oczekiwana (id_wartosci_oczekiwanej, wartosc, id_pytania, id_kierunku) VALUES (991,6,7,25);
INSERT INTO wartosc_oczekiwana (id_wartosci_oczekiwanej, wartosc, id_pytania, id_kierunku) VALUES (992,8,8,25);
INSERT INTO wartosc_oczekiwana (id_wartosci_oczekiwanej, wartosc, id_pytania, id_kierunku) VALUES (993,5,9,25);
INSERT INTO wartosc_oczekiwana (id_wartosci_oczekiwanej, wartosc, id_pytania, id_kierunku) VALUES (994,1,10,25);
INSERT INTO wartosc_oczekiwana (id_wartosci_oczekiwanej, wartosc, id_pytania, id_kierunku) VALUES (995,3,11,25);
INSERT INTO wartosc_oczekiwana (id_wartosci_oczekiwanej, wartosc, id_pytania, id_kierunku) VALUES (996,1,12,25);
INSERT INTO wartosc_oczekiwana (id_wartosci_oczekiwanej, wartosc, id_pytania, id_kierunku) VALUES (997,1,13,25);
INSERT INTO wartosc_oczekiwana (id_wartosci_oczekiwanej, wartosc, id_pytania, id_kierunku) VALUES (998,8,14,25);
INSERT INTO wartosc_oczekiwana (id_wartosci_oczekiwanej, wartosc, id_pytania, id_kierunku) VALUES (999,3,15,25);
INSERT INTO wartosc_oczekiwana (id_wartosci_oczekiwanej, wartosc, id_pytania, id_kierunku) VALUES (1000,4,16,25);
INSERT INTO wartosc_oczekiwana (id_wartosci_oczekiwanej, wartosc, id_pytania, id_kierunku) VALUES (1001,8,17,25);
INSERT INTO wartosc_oczekiwana (id_wartosci_oczekiwanej, wartosc, id_pytania, id_kierunku) VALUES (1002,4,18,25);
INSERT INTO wartosc_oczekiwana (id_wartosci_oczekiwanej, wartosc, id_pytania, id_kierunku) VALUES (1003,7,19,25);
INSERT INTO wartosc_oczekiwana (id_wartosci_oczekiwanej, wartosc, id_pytania, id_kierunku) VALUES (1004,9,20,25);
INSERT INTO wartosc_oczekiwana (id_wartosci_oczekiwanej, wartosc, id_pytania, id_kierunku) VALUES (1005,9,21,25);
INSERT INTO wartosc_oczekiwana (id_wartosci_oczekiwanej, wartosc, id_pytania, id_kierunku) VALUES (1006,6,22,25);
INSERT INTO wartosc_oczekiwana (id_wartosci_oczekiwanej, wartosc, id_pytania, id_kierunku) VALUES (1007,7,23,25);
INSERT INTO wartosc_oczekiwana (id_wartosci_oczekiwanej, wartosc, id_pytania, id_kierunku) VALUES (1008,3,24,25);
INSERT INTO wartosc_oczekiwana (id_wartosci_oczekiwanej, wartosc, id_pytania, id_kierunku) VALUES (1009,8,25,25);
INSERT INTO wartosc_oczekiwana (id_wartosci_oczekiwanej, wartosc, id_pytania, id_kierunku) VALUES (1010,7,26,25);
INSERT INTO wartosc_oczekiwana (id_wartosci_oczekiwanej, wartosc, id_pytania, id_kierunku) VALUES (1011,8,27,25);
INSERT INTO wartosc_oczekiwana (id_wartosci_oczekiwanej, wartosc, id_pytania, id_kierunku) VALUES (1012,4,28,25);
INSERT INTO wartosc_oczekiwana (id_wartosci_oczekiwanej, wartosc, id_pytania, id_kierunku) VALUES (1013,4,29,25);
INSERT INTO wartosc_oczekiwana (id_wartosci_oczekiwanej, wartosc, id_pytania, id_kierunku) VALUES (1014,7,30,25);
INSERT INTO wartosc_oczekiwana (id_wartosci_oczekiwanej, wartosc, id_pytania, id_kierunku) VALUES (1015,8,31,25);
INSERT INTO wartosc_oczekiwana (id_wartosci_oczekiwanej, wartosc, id_pytania, id_kierunku) VALUES (1016,5,32,25);
INSERT INTO wartosc_oczekiwana (id_wartosci_oczekiwanej, wartosc, id_pytania, id_kierunku) VALUES (1017,2,33,25);
INSERT INTO wartosc_oczekiwana (id_wartosci_oczekiwanej, wartosc, id_pytania, id_kierunku) VALUES (1018,9,34,25);
INSERT INTO wartosc_oczekiwana (id_wartosci_oczekiwanej, wartosc, id_pytania, id_kierunku) VALUES (1019,9,35,25);
INSERT INTO wartosc_oczekiwana (id_wartosci_oczekiwanej, wartosc, id_pytania, id_kierunku) VALUES (1020,5,36,25);
INSERT INTO wartosc_oczekiwana (id_wartosci_oczekiwanej, wartosc, id_pytania, id_kierunku) VALUES (1021,10,37,25);
INSERT INTO wartosc_oczekiwana (id_wartosci_oczekiwanej, wartosc, id_pytania, id_kierunku) VALUES (1022,6,38,25);
INSERT INTO wartosc_oczekiwana (id_wartosci_oczekiwanej, wartosc, id_pytania, id_kierunku) VALUES (1023,8,39,25);
INSERT INTO wartosc_oczekiwana (id_wartosci_oczekiwanej, wartosc, id_pytania, id_kierunku) VALUES (1024,1,40,25);
INSERT INTO wartosc_oczekiwana (id_wartosci_oczekiwanej, wartosc, id_pytania, id_kierunku) VALUES (1025,5,41,25);
INSERT INTO wartosc_oczekiwana (id_wartosci_oczekiwanej, wartosc, id_pytania, id_kierunku) VALUES (1026,4,1,26);
INSERT INTO wartosc_oczekiwana (id_wartosci_oczekiwanej, wartosc, id_pytania, id_kierunku) VALUES (1027,1,2,26);
INSERT INTO wartosc_oczekiwana (id_wartosci_oczekiwanej, wartosc, id_pytania, id_kierunku) VALUES (1028,1,3,26);
INSERT INTO wartosc_oczekiwana (id_wartosci_oczekiwanej, wartosc, id_pytania, id_kierunku) VALUES (1029,3,4,26);
INSERT INTO wartosc_oczekiwana (id_wartosci_oczekiwanej, wartosc, id_pytania, id_kierunku) VALUES (1030,4,5,26);
INSERT INTO wartosc_oczekiwana (id_wartosci_oczekiwanej, wartosc, id_pytania, id_kierunku) VALUES (1031,8,6,26);
INSERT INTO wartosc_oczekiwana (id_wartosci_oczekiwanej, wartosc, id_pytania, id_kierunku) VALUES (1032,9,7,26);
INSERT INTO wartosc_oczekiwana (id_wartosci_oczekiwanej, wartosc, id_pytania, id_kierunku) VALUES (1033,9,8,26);
INSERT INTO wartosc_oczekiwana (id_wartosci_oczekiwanej, wartosc, id_pytania, id_kierunku) VALUES (1034,9,9,26);
INSERT INTO wartosc_oczekiwana (id_wartosci_oczekiwanej, wartosc, id_pytania, id_kierunku) VALUES (1035,1,10,26);
INSERT INTO wartosc_oczekiwana (id_wartosci_oczekiwanej, wartosc, id_pytania, id_kierunku) VALUES (1036,8,11,26);
INSERT INTO wartosc_oczekiwana (id_wartosci_oczekiwanej, wartosc, id_pytania, id_kierunku) VALUES (1037,10,12,26);
INSERT INTO wartosc_oczekiwana (id_wartosci_oczekiwanej, wartosc, id_pytania, id_kierunku) VALUES (1038,9,13,26);
INSERT INTO wartosc_oczekiwana (id_wartosci_oczekiwanej, wartosc, id_pytania, id_kierunku) VALUES (1039,6,14,26);
INSERT INTO wartosc_oczekiwana (id_wartosci_oczekiwanej, wartosc, id_pytania, id_kierunku) VALUES (1040,10,15,26);
INSERT INTO wartosc_oczekiwana (id_wartosci_oczekiwanej, wartosc, id_pytania, id_kierunku) VALUES (1041,1,16,26);
INSERT INTO wartosc_oczekiwana (id_wartosci_oczekiwanej, wartosc, id_pytania, id_kierunku) VALUES (1042,9,17,26);
INSERT INTO wartosc_oczekiwana (id_wartosci_oczekiwanej, wartosc, id_pytania, id_kierunku) VALUES (1043,3,18,26);
INSERT INTO wartosc_oczekiwana (id_wartosci_oczekiwanej, wartosc, id_pytania, id_kierunku) VALUES (1044,7,19,26);
INSERT INTO wartosc_oczekiwana (id_wartosci_oczekiwanej, wartosc, id_pytania, id_kierunku) VALUES (1045,9,20,26);
INSERT INTO wartosc_oczekiwana (id_wartosci_oczekiwanej, wartosc, id_pytania, id_kierunku) VALUES (1046,4,21,26);
INSERT INTO wartosc_oczekiwana (id_wartosci_oczekiwanej, wartosc, id_pytania, id_kierunku) VALUES (1047,7,22,26);
INSERT INTO wartosc_oczekiwana (id_wartosci_oczekiwanej, wartosc, id_pytania, id_kierunku) VALUES (1048,6,23,26);
INSERT INTO wartosc_oczekiwana (id_wartosci_oczekiwanej, wartosc, id_pytania, id_kierunku) VALUES (1049,5,24,26);
INSERT INTO wartosc_oczekiwana (id_wartosci_oczekiwanej, wartosc, id_pytania, id_kierunku) VALUES (1050,4,25,26);
INSERT INTO wartosc_oczekiwana (id_wartosci_oczekiwanej, wartosc, id_pytania, id_kierunku) VALUES (1051,4,26,26);
INSERT INTO wartosc_oczekiwana (id_wartosci_oczekiwanej, wartosc, id_pytania, id_kierunku) VALUES (1052,8,27,26);
INSERT INTO wartosc_oczekiwana (id_wartosci_oczekiwanej, wartosc, id_pytania, id_kierunku) VALUES (1053,5,28,26);
INSERT INTO wartosc_oczekiwana (id_wartosci_oczekiwanej, wartosc, id_pytania, id_kierunku) VALUES (1054,7,29,26);
INSERT INTO wartosc_oczekiwana (id_wartosci_oczekiwanej, wartosc, id_pytania, id_kierunku) VALUES (1055,6,30,26);
INSERT INTO wartosc_oczekiwana (id_wartosci_oczekiwanej, wartosc, id_pytania, id_kierunku) VALUES (1056,5,31,26);
INSERT INTO wartosc_oczekiwana (id_wartosci_oczekiwanej, wartosc, id_pytania, id_kierunku) VALUES (1057,8,32,26);
INSERT INTO wartosc_oczekiwana (id_wartosci_oczekiwanej, wartosc, id_pytania, id_kierunku) VALUES (1058,4,33,26);
INSERT INTO wartosc_oczekiwana (id_wartosci_oczekiwanej, wartosc, id_pytania, id_kierunku) VALUES (1059,9,34,26);
INSERT INTO wartosc_oczekiwana (id_wartosci_oczekiwanej, wartosc, id_pytania, id_kierunku) VALUES (1060,9,35,26);
INSERT INTO wartosc_oczekiwana (id_wartosci_oczekiwanej, wartosc, id_pytania, id_kierunku) VALUES (1061,4,36,26);
INSERT INTO wartosc_oczekiwana (id_wartosci_oczekiwanej, wartosc, id_pytania, id_kierunku) VALUES (1062,9,37,26);
INSERT INTO wartosc_oczekiwana (id_wartosci_oczekiwanej, wartosc, id_pytania, id_kierunku) VALUES (1063,5,38,26);
INSERT INTO wartosc_oczekiwana (id_wartosci_oczekiwanej, wartosc, id_pytania, id_kierunku) VALUES (1064,7,39,26);
INSERT INTO wartosc_oczekiwana (id_wartosci_oczekiwanej, wartosc, id_pytania, id_kierunku) VALUES (1065,5,40,26);
INSERT INTO wartosc_oczekiwana (id_wartosci_oczekiwanej, wartosc, id_pytania, id_kierunku) VALUES (1066,9,41,26);
INSERT INTO wartosc_oczekiwana (id_wartosci_oczekiwanej, wartosc, id_pytania, id_kierunku) VALUES (1067,9,1,27);
INSERT INTO wartosc_oczekiwana (id_wartosci_oczekiwanej, wartosc, id_pytania, id_kierunku) VALUES (1068,8,2,27);
INSERT INTO wartosc_oczekiwana (id_wartosci_oczekiwanej, wartosc, id_pytania, id_kierunku) VALUES (1069,7,3,27);
INSERT INTO wartosc_oczekiwana (id_wartosci_oczekiwanej, wartosc, id_pytania, id_kierunku) VALUES (1070,9,4,27);
INSERT INTO wartosc_oczekiwana (id_wartosci_oczekiwanej, wartosc, id_pytania, id_kierunku) VALUES (1071,5,5,27);
INSERT INTO wartosc_oczekiwana (id_wartosci_oczekiwanej, wartosc, id_pytania, id_kierunku) VALUES (1072,4,6,27);
INSERT INTO wartosc_oczekiwana (id_wartosci_oczekiwanej, wartosc, id_pytania, id_kierunku) VALUES (1073,7,7,27);
INSERT INTO wartosc_oczekiwana (id_wartosci_oczekiwanej, wartosc, id_pytania, id_kierunku) VALUES (1074,8,8,27);
INSERT INTO wartosc_oczekiwana (id_wartosci_oczekiwanej, wartosc, id_pytania, id_kierunku) VALUES (1075,7,9,27);
INSERT INTO wartosc_oczekiwana (id_wartosci_oczekiwanej, wartosc, id_pytania, id_kierunku) VALUES (1076,1,10,27);
INSERT INTO wartosc_oczekiwana (id_wartosci_oczekiwanej, wartosc, id_pytania, id_kierunku) VALUES (1077,6,11,27);
INSERT INTO wartosc_oczekiwana (id_wartosci_oczekiwanej, wartosc, id_pytania, id_kierunku) VALUES (1078,2,12,27);
INSERT INTO wartosc_oczekiwana (id_wartosci_oczekiwanej, wartosc, id_pytania, id_kierunku) VALUES (1079,6,13,27);
INSERT INTO wartosc_oczekiwana (id_wartosci_oczekiwanej, wartosc, id_pytania, id_kierunku) VALUES (1080,8,14,27);
INSERT INTO wartosc_oczekiwana (id_wartosci_oczekiwanej, wartosc, id_pytania, id_kierunku) VALUES (1081,4,15,27);
INSERT INTO wartosc_oczekiwana (id_wartosci_oczekiwanej, wartosc, id_pytania, id_kierunku) VALUES (1082,2,16,27);
INSERT INTO wartosc_oczekiwana (id_wartosci_oczekiwanej, wartosc, id_pytania, id_kierunku) VALUES (1083,7,17,27);
INSERT INTO wartosc_oczekiwana (id_wartosci_oczekiwanej, wartosc, id_pytania, id_kierunku) VALUES (1084,3,18,27);
INSERT INTO wartosc_oczekiwana (id_wartosci_oczekiwanej, wartosc, id_pytania, id_kierunku) VALUES (1085,7,19,27);
INSERT INTO wartosc_oczekiwana (id_wartosci_oczekiwanej, wartosc, id_pytania, id_kierunku) VALUES (1086,5,20,27);
INSERT INTO wartosc_oczekiwana (id_wartosci_oczekiwanej, wartosc, id_pytania, id_kierunku) VALUES (1087,4,21,27);
INSERT INTO wartosc_oczekiwana (id_wartosci_oczekiwanej, wartosc, id_pytania, id_kierunku) VALUES (1088,7,22,27);
INSERT INTO wartosc_oczekiwana (id_wartosci_oczekiwanej, wartosc, id_pytania, id_kierunku) VALUES (1089,5,23,27);
INSERT INTO wartosc_oczekiwana (id_wartosci_oczekiwanej, wartosc, id_pytania, id_kierunku) VALUES (1090,8,24,27);
INSERT INTO wartosc_oczekiwana (id_wartosci_oczekiwanej, wartosc, id_pytania, id_kierunku) VALUES (1091,8,25,27);
INSERT INTO wartosc_oczekiwana (id_wartosci_oczekiwanej, wartosc, id_pytania, id_kierunku) VALUES (1092,4,26,27);
INSERT INTO wartosc_oczekiwana (id_wartosci_oczekiwanej, wartosc, id_pytania, id_kierunku) VALUES (1093,5,27,27);
INSERT INTO wartosc_oczekiwana (id_wartosci_oczekiwanej, wartosc, id_pytania, id_kierunku) VALUES (1094,9,28,27);
INSERT INTO wartosc_oczekiwana (id_wartosci_oczekiwanej, wartosc, id_pytania, id_kierunku) VALUES (1095,3,29,27);
INSERT INTO wartosc_oczekiwana (id_wartosci_oczekiwanej, wartosc, id_pytania, id_kierunku) VALUES (1096,4,30,27);
INSERT INTO wartosc_oczekiwana (id_wartosci_oczekiwanej, wartosc, id_pytania, id_kierunku) VALUES (1097,8,31,27);
INSERT INTO wartosc_oczekiwana (id_wartosci_oczekiwanej, wartosc, id_pytania, id_kierunku) VALUES (1098,7,32,27);
INSERT INTO wartosc_oczekiwana (id_wartosci_oczekiwanej, wartosc, id_pytania, id_kierunku) VALUES (1099,5,33,27);
INSERT INTO wartosc_oczekiwana (id_wartosci_oczekiwanej, wartosc, id_pytania, id_kierunku) VALUES (1100,5,34,27);
INSERT INTO wartosc_oczekiwana (id_wartosci_oczekiwanej, wartosc, id_pytania, id_kierunku) VALUES (1101,8,35,27);
INSERT INTO wartosc_oczekiwana (id_wartosci_oczekiwanej, wartosc, id_pytania, id_kierunku) VALUES (1102,4,36,27);
INSERT INTO wartosc_oczekiwana (id_wartosci_oczekiwanej, wartosc, id_pytania, id_kierunku) VALUES (1103,6,37,27);
INSERT INTO wartosc_oczekiwana (id_wartosci_oczekiwanej, wartosc, id_pytania, id_kierunku) VALUES (1104,5,38,27);
INSERT INTO wartosc_oczekiwana (id_wartosci_oczekiwanej, wartosc, id_pytania, id_kierunku) VALUES (1105,7,39,27);
INSERT INTO wartosc_oczekiwana (id_wartosci_oczekiwanej, wartosc, id_pytania, id_kierunku) VALUES (1106,0,40,27);
INSERT INTO wartosc_oczekiwana (id_wartosci_oczekiwanej, wartosc, id_pytania, id_kierunku) VALUES (1107,6,41,27);